"1005004701491632","https://ae04.alicdn.com/kf/S559219bbde014a88b026a478fd38714d0.jpg",,"Neyith Dual Cameras Drone 4k Profesional Fixed-point Cruise Dual Battery Toys APP Mobile Phone RC Airplane Birthday Gift for Boy","USD 32.54","USD 22.77","30%","USD","30.0","USD 6.83","0","null%","https://s.click.aliexpress.com/e/_Dl9cM3z"
"1005004716477011","https://ae04.alicdn.com/kf/Se924eabdab7c406ca6b213516687f933c.jpg",,"SG107 Mini Drone with WIFI Profesional 4K HD Dual Camera FPV Quadcopter Optical Flow Gesture Control SG107 Pro Rc Dron","USD 39.52","USD 19.76","50%","USD","7","USD 1.38","0","null%","https://s.click.aliexpress.com/e/_DmoGkRd"
"1005004314725027","https://ae04.alicdn.com/kf/S42c0bae5114a417b99b63616c6d9533eW.jpg","http://cloud.video.taobao.com/play/u/2675628091/p/1/e/6/t/1/1100045615234.mp4","New SG908 MAX / SG908 Pro 4K Profesional Camera Drone With WiFi 3KM GPS 3-Axis Gimbal Obstacle Avoidance RC Quadcopter Drone","USD 335.18","USD 167.59","50%","USD","8.0","USD 13.41","3","100.0%","https://s.click.aliexpress.com/e/_DFBFHGj"
"1005004625823032","https://ae04.alicdn.com/kf/S1d9fcfb798244fb3af3b2bbe792188fa0.jpg",,"Faith 2S GPS Drone 4K Profesional 3-Axis Gimbal 5G Wifi FPV Drone With HD Camera 7000M Foldable RC Quadcopter VS DJI Mini 2","USD 799.98","USD 399.99","50%","USD","8.0","USD 32.00","0","null%","https://s.click.aliexpress.com/e/_DdeKHLD"
"1005004682332439","https://ae04.alicdn.com/kf/S76b112a3eeee4c25a3e94610b7cb0758i.jpg",,"2022 New XS011 GPS Drone 4k Profesional HD Camera With obstacle avoidance Brushless Foldable Quadcopter Remote Helicopter Toys","USD 46.77","USD 32.74","30%","USD","7","USD 2.29","0","null%","https://s.click.aliexpress.com/e/_Dc7HASL"
"1005004694605139","https://ae04.alicdn.com/kf/Seb923f214112411f98a3e5f7e2bd33a4a.jpg","http://cloud.video.taobao.com/play/u/2675628091/p/1/e/6/t/1/1100084535771.mp4","S6S Mini Dron Drone 4k Profesional Gps Dual HD Camera Light Flow 5G Wifi Brushless Folding Quadcopter RC Helicopter Toys","USD 148.94","USD 74.47","50%","USD","15.0","USD 11.17","0","null%","https://s.click.aliexpress.com/e/_DduuQBl"
"1005004702192256","https://ae04.alicdn.com/kf/S2497e8177c1a480ba57f74883963e0df9.jpg","http://cloud.video.taobao.com/play/u/2675628091/p/1/e/6/t/1/1100085057027.mp4","2022 New GPS Drone 4K Profesional 8K HD Camera Aerial GPS Dual Localization Photography Brushless Dron Foldable Quadcopter 1.2km","USD 159.30","USD 119.47","25%","USD","7","USD 8.36","0","null%","https://s.click.aliexpress.com/e/_De9IPiP"
"1005003103207027","https://ae04.alicdn.com/kf/Ub4d40a0601a44e85b9e99f8e4bcd969ad.jpg","http://cloud.video.taobao.com/play/u/2675628091/p/1/e/6/t/1/321699415527.mp4","New F10 Drone 4k Profesional GPS Drones With Camera Hd 4k Cameras Rc Helicopter 5G WiFi Fpv Drones Quadcopter Toys","USD 98.93","USD 49.47","50%","USD","7","USD 3.46","7","100.0%","https://s.click.aliexpress.com/e/_DeJl1ux"
"1005003950840506","https://ae04.alicdn.com/kf/S3f1ae7a671864e6da7eafe8448c3c2c33.png","http://cloud.video.taobao.com/play/u/2675628091/p/1/e/6/t/1/348795049625.mp4","2022 New M10 Ultra Drone 4K Profesional Camera 5KM Distance 800M Height 3-Axis Gimbal Brushless Dron EIS 5G Wifi RC Quadcopter","USD 53.74","USD 45.14","16%","USD","7","USD 3.16","17","100.0%","https://s.click.aliexpress.com/e/_Dk07El1"
"1005004579103285","https://ae04.alicdn.com/kf/H88b42c4536fa4cfa90b3a1455fd79317x.jpg","http://cloud.video.taobao.com/play/u/2675628091/p/1/e/6/t/1/312404444837.mp4","JINHENG NEW GPS Drone 4K Profesional 8K HD Camera 3-Axis Gimbal Drones 5G Wifi EIS Anti-Shake FPV Dron RC Foldable Quadcopter","USD 366.16","USD 190.40","48%","USD","7","USD 13.33","0","null%","https://s.click.aliexpress.com/e/_Dm8axUb"
"1005004642247592","https://ae04.alicdn.com/kf/Sc518f0df5bb34451b9b719d706fb0fcd0.jpg","http://cloud.video.taobao.com/play/u/2675628091/p/1/e/6/t/1/1100058580347.mp4","KF106 GPS Drone 4K Profesional 8K HD Camera 3-axis anti-shake Gimbal Obstacle Avoidance aerial photography aircraft Quadcopter","USD 281.98","USD 140.99","50%","USD","8.0","USD 11.28","0","null%","https://s.click.aliexpress.com/e/_Dedtq7l"
"1005004355669185","https://ae04.alicdn.com/kf/S3c9730c54a58468e84f73ab295da173cS.jpg","http://cloud.video.taobao.com/play/u/2675628091/p/1/e/6/t/1/1100044010435.mp4","S608 Pro GPS Drone 4k Profesional 6K HD Dual Camera Aerial Photography Brushless Foldable Quadcopter RC Distance 3KM","USD 142.31","USD 74.00","48%","USD","7","USD 5.18","0","null%","https://s.click.aliexpress.com/e/_DBFdorN"
"1005004663278252","https://ae04.alicdn.com/kf/S372724a1ffed45b2a64408572befed76u.jpg","http://cloud.video.taobao.com/play/u/2675628091/p/1/e/6/t/1/1100082248114.mp4","M10 Ultra Drone 4K Profesional GPS 3-Axis EIS 5G Wifi Quadcopter 5KM Distance 800M Height Brushless Dron VS SG906 MAX1 F11S","USD 526.48","USD 252.71","52%","USD","8.0","USD 20.22","0","null%","https://s.click.aliexpress.com/e/_DCofEb9"
"1005004231247203","https://ae04.alicdn.com/kf/S73102bf6005144258634b590a9a12912s.jpg","http://cloud.video.taobao.com/play/u/2675628091/p/1/e/6/t/1/1100045452034.mp4","2022 New KF103 Obstacle Avoidance Drone Profesional FPV 8K HD Camera 3-Axis Gimbal Anti-Shake Photography Brushless RC Aircraft","USD 419.52","USD 209.76","50%","USD","7","USD 14.68","3","80.0%","https://s.click.aliexpress.com/e/_DEEnmx9"
"1005003950038817","https://ae04.alicdn.com/kf/Sa90d800bd3574c1b9160235592bda4d3m.jpg","http://cloud.video.taobao.com/play/u/2675628091/p/1/e/6/t/1/348279808074.mp4","M10 Ultra Pro Drone 4K Profesional GPS 3-Axis EIS 5G Wifi Quadcopter 5KM Distance 800M Height Brushless Drones","USD 65.70","USD 45.99","30%","USD","7","USD 3.22","1","null%","https://s.click.aliexpress.com/e/_DeQUJhN"
"1005004602564103","https://ae04.alicdn.com/kf/S829c5f50552b4fe0b210d130ece51d5a3.jpg",,"2022 New M10 Drone 4K HD Camera Profesional GPS 3-Axis EIS 5G Wifi Quadcopter 5KM Distance 800M Height Brushless Dron RC Toys","USD 539.98","USD 539.98","0%","USD","8.0","USD 43.20","1","null%","https://s.click.aliexpress.com/e/_DF1gHeP"
"1005002500359834","https://ae04.alicdn.com/kf/H5c6bfbc9449246079107eb36008b9bc5W.jpg","http://cloud.video.taobao.com/play/u/2675628091/p/1/e/6/t/1/309676829373.mp4","NYR GPS Drone 4K Profesional 8K HD Camera 2-Axis Gimbal Anti-Shake Aerial Photography Brushless Foldable Quadcopter Weight 249g","USD 239.98","USD 127.19","47%","USD","8.0","USD 10.18","1","0.0%","https://s.click.aliexpress.com/e/_DEpWUGn"
"1005004617253030","https://ae04.alicdn.com/kf/Se4cd977682e342f8a80f6b764dc4449cS.jpg","http://cloud.video.taobao.com/play/u/2675628091/p/1/e/6/t/1/1100068538365.mp4","2022 New XT5 RC Drone 4k Profesional HD Camera FPV Optical Flow 360 Degrees Obstacle Avoidance Quadcopter Remote Helicopter Toys","USD 114.98","USD 45.99","60%","USD","7","USD 3.22","14","null%","https://s.click.aliexpress.com/e/_DDQukHp"
"1005004294280993","https://ae04.alicdn.com/kf/S7ebd04c3b6364c6aa5bbbcc8df1a50a17.jpg",,"Drones 4k Profesional S91 GPS  Dual HD Quadcopter 4K With Camera With 90 Obstacle Avoidance 5G WiFi Mini Drone","USD 31.61","USD 25.29","20%","USD","8.0","USD 2.02","3","0.0%","https://s.click.aliexpress.com/e/_DDbpWPH"
"1005004693505237","https://ae04.alicdn.com/kf/S2fe77cb01e4f4c88b5dbf7c0bb02a290z.jpg","http://cloud.video.taobao.com/play/u/2675628091/p/1/e/6/t/1/1100078105237.mp4","2022 NEW E100 Drone 8K HD Camera Profesional Mini Drones Foldable Quadcopt Obstacle Avoidance Aerial Photography RC Airplane Toy","USD 63.98","USD 31.99","50%","USD","20.0","USD 6.40","0","null%","https://s.click.aliexpress.com/e/_DkknQlh"
"1005004203854021","https://ae04.alicdn.com/kf/Scb7250b8c55b4b7e9c28505db2dc27cf0.jpg",,"E99 K3 PRO Mini Drone 4K Dual HD Camera WIFI FPV Obstacle Avoidance Foldable Profesional RC Dron Quadcopter Helicopter Toys","USD 41.84","USD 29.29","30%","USD","7","USD 2.05","19","60.0%","https://s.click.aliexpress.com/e/_DmvPwTN"
"1005003337962076","https://ae04.alicdn.com/kf/Hf186efe6b4084446bf6eb1c865693c46K.jpg",,"New S85 Pro Rc Mini Drone 4K Profesional HD Dual Camera Fpv Drones With infrared obstacle avoidance Rc Helicopter Quadcopter","USD 32.56","USD 23.12","29%","USD","7","USD 1.62","43","78.4%","https://s.click.aliexpress.com/e/_Dl9CYMR"
"1005004622265069","https://ae04.alicdn.com/kf/Seeca6244713d4e0db86362eb104c862fk.jpg","http://cloud.video.taobao.com/play/u/2675628091/p/1/e/6/t/1/1100078209505.mp4","Drone 4K profesional Four-sided obstacle avoidance aircraft Quadcopter Helicopter Height Keep Drones Dual Camera Dron Gift Toys","USD 64.04","USD 44.83","30%","USD","7","USD 3.14","1","null%","https://s.click.aliexpress.com/e/_DmiiSDp"
"1005004561068848","https://ae04.alicdn.com/kf/S4e96044fd71b42ca928073868ce347c0g.jpg","http://cloud.video.taobao.com/play/u/2675628091/p/1/e/6/t/1/1100070340547.mp4","New K6 Drone 4K Profesional GPS 5KM Dual HD Quadcopter With Camera With 360 Obstacle Avoidance 5G WiFi  Mini Drone RC Quadcopter","USD 35.00","USD 21.00","40%","USD","7","USD 1.47","5","100.0%","https://s.click.aliexpress.com/e/_De2I56X"
"1005004646842327","https://ae04.alicdn.com/kf/Se06bc173bc2f4e3888717fb1789b5f0dm.jpg","http://cloud.video.taobao.com/play/u/2675628091/p/1/e/6/t/1/1100081390672.mp4","X6 PRO Optical Drone 4k Profesional Visual Obstacle Avoidance Foldable Quadcopter RC Helicopter Fpv Drone Rc Plane Toys for Boys","USD 63.62","USD 31.81","50%","USD","7","USD 2.23","3","null%","https://s.click.aliexpress.com/e/_DBsSnqJ"
"1005004464758641","https://ae04.alicdn.com/kf/Se7b207774cb64adebbc1cf19c3ebf7f4j.jpg","http://cloud.video.taobao.com/play/u/2675628091/p/1/e/6/t/1/1100061631364.mp4","JJRC H107 Grid Mini Drone 4K Profesional Pocket Small Quadcopter Remote Control Drones For Boys Children Birthday Holiday Gifts","USD 40.96","USD 24.17","41%","USD","15.0","USD 3.63","8","100.0%","https://s.click.aliexpress.com/e/_DlLovQP"
"1005004221521392","https://ae04.alicdn.com/kf/Sa183380c44c24ec3bf686f165e3fff01d.jpg","http://cloud.video.taobao.com/play/u/2675628091/p/1/e/6/t/1/1100018921687.mp4","LAUMOX C-FLY Faith 2S Drone 4K Profesional GPS HD Camera 3-Axis Gimbal 5G Wifi Drone Foldable RC Quadcopter VS SG906 MAX2","USD 513.85","USD 359.69","30%","USD","7","USD 25.18","4","60.0%","https://s.click.aliexpress.com/e/_DltzlmJ"
"1005004627444786","https://ae04.alicdn.com/kf/S0c455695b5bf45f0ba30ac3e7dd4cef4n.jpg","http://cloud.video.taobao.com/play/u/2675628091/p/1/e/6/t/1/1100078627908.mp4","GPS Drone 4K Profesional ESC Dual Camera With Three-way Obstacle Avoidance WiFi FPV Fully Foldable Quadcopter RC Drone Toys Gift","USD 93.32","USD 65.32","30%","USD","7","USD 4.57","0","null%","https://s.click.aliexpress.com/e/_DmPZevD"
"1005004301726530","https://ae04.alicdn.com/kf/Sb1cc1bfc71c84d01b5b3299bd413bb49r.jpg","http://cloud.video.taobao.com/play/u/2675628091/p/1/e/6/t/1/1100031157190.mp4","Drone 4k Profesional Quadcopter With Camera Live Video Induction Avoid Obstacles 5G Anti-Interference Height Keep Dual Camera","USD 54.59","USD 27.29","50%","USD","7","USD 1.91","4","100.0%","https://s.click.aliexpress.com/e/_DdIR0a3"
"1005004648941758","https://ae04.alicdn.com/kf/Se3cd0452e2c34ec98fc56ae6d34c24c40.jpg",,"2022 New S608 Pro 4k 6K HD Profesional Dual Camera Aerial Photography GPS RC Drone Foldable Quadcopter Brushless RC Drones Toys","USD 106.21","USD 100.90","5%","USD","8.0","USD 8.07","1","null%","https://s.click.aliexpress.com/e/_DciX5BZ"
"1005004577280106","https://ae04.alicdn.com/kf/Saea72b787979433fafd6c94244477db12.jpg","http://cloud.video.taobao.com/play/u/2675628091/p/1/e/6/t/1/1100062266369.mp4","KF103 Max GPS Drone Profesional 4k HD Camera 3-Axis Gimbal Anti-Shake Aerial Photography Quadcopter Brushless 5G WIFI FPV Dron","USD 364.48","USD 182.24","50%","USD","8.0","USD 14.58","3","100.0%","https://s.click.aliexpress.com/e/_DCdZaEL"
"1005004456106337","https://ae04.alicdn.com/kf/S73fd41a334484ef7be5d16a5dc951970W.jpg","http://cloud.video.taobao.com/play/u/2675628091/p/1/e/6/t/1/1100056614010.mp4","Profesional Drone With 4K Ultra HD Camera 5G WiFi FPV  3-Axis Gimbal 10 KM 40 Minutes RC Quadcopter Foldable  Dron","USD 1328.00","USD 796.80","40%","USD","8.0","USD 63.74","0","null%","https://s.click.aliexpress.com/e/_DkGv9gF"
"1005004109943749","https://ae04.alicdn.com/kf/Se2122c774def4c28b2b4f826aca73616J.jpg",,"2022 New GEPRC TinyGO 4K FPV Whoop RTF drone 1080p profesional Caddx Loris GR1102 10000KV mini drone CineWhoop toys for boys fpv","USD 355.30","USD 177.65","50%","USD","7","USD 12.44","10","90.0%","https://s.click.aliexpress.com/e/_DlwVXML"
"1005004702588598","https://ae04.alicdn.com/kf/S4fe9e74027cb4610b8ad4e4fd4e59907n.jpg","http://cloud.video.taobao.com/play/u/2675628091/p/1/e/6/t/1/1100085057027.mp4","Dron GPS Drone 4k Profesional 8K HD Dual Camera 5G FPV Wifi 360° Obstacle Avoidance Brushless Motor Quadcopter GPS Drones Toys","USD 159.30","USD 119.47","25%","USD","7","USD 8.36","0","null%","https://s.click.aliexpress.com/e/_DEssFtN"
"1005003717945893","https://ae04.alicdn.com/kf/S24550abba5d64beb8adc4e1ec6f2a337g.jpg","http://cloud.video.taobao.com/play/u/2675628091/p/1/e/6/t/1/342928583812.mp4","New Drone K106 4K HD Profesional Camera With LED Light propeller Visual Obstacle Avoidance Optical Flow Foldable Quadcopter","USD 108.14","USD 56.23","48%","USD","7","USD 3.94","1","100.0%","https://s.click.aliexpress.com/e/_DFOcdd9"
"1005004594783585","https://ae04.alicdn.com/kf/Sc3f0885cc4be455fadc9a72394470f90A.jpg","http://cloud.video.taobao.com/play/u/2675628091/p/1/e/6/t/1/1100083934088.mp4","2022 NEW S172 Mini Drone 4k Profesional HD Camera Fpv WiFi Drones With 360° Obstacle Avoidance Rc Helicopter Quadcopter Dron Toy","USD 59.98","USD 29.99","50%","USD","7","USD 2.10","1","null%","https://s.click.aliexpress.com/e/_DEn9ef5"
"1005004715094008","https://ae04.alicdn.com/kf/Sa45115195d8a4aedadb125e1b1fdcf0a3.jpg","http://cloud.video.taobao.com/play/u/2675628091/p/1/e/6/t/1/1100085664694.mp4","Drone NEW E100 Mini Drone 4k Profesional HD Camera Fpv WiFi Drones With Obstacle Avoidance Rc Helicopter Folding Quadcopter Toys","USD 38.45","USD 26.91","30%","USD","7","USD 1.88","0","null%","https://s.click.aliexpress.com/e/_DF5sQLV"
"1005004068680881","https://ae04.alicdn.com/kf/S9d1a8c8b78ff41bc85e883b37b034dceG.jpg","http://cloud.video.taobao.com/play/u/2675628091/p/1/e/6/t/1/353087606162.mp4","2022 New K105 Max Drone 4K Profesional HD Dual Camera With Obstacle Avoidance Drones Helicopter Foldable Rc Quadcopter Toys GIft","USD 44.88","USD 29.17","35%","USD","8.0","USD 2.33","13","100.0%","https://s.click.aliexpress.com/e/_DnNp7oT"
"1005004637152465","https://ae04.alicdn.com/kf/S30b8f75bb0d1412781767392870c87fa9.jpg","http://cloud.video.taobao.com/play/u/2675628091/p/1/e/6/t/1/1100079733581.mp4","KF102 GPS Drone 4k Profesional HD Camera 2-Axis Gimbal Anti-Shake Aerial Photography Brushless Foldable Quadcopter RC Distance","USD 299.69","USD 140.85","53%","USD","8.0","USD 11.27","0","null%","https://s.click.aliexpress.com/e/_DcZyoN1"
"1005003950358464","https://ae04.alicdn.com/kf/S95f536ff18e34e71b30f7fcc96763535i.jpg","http://cloud.video.taobao.com/play/u/2675628091/p/1/e/6/t/1/348177988202.mp4","2022 New 4DRC V10 RC Mini Drone 4k profesional HD Camera WIFI Fpv Drones With Camera HD 4K RC Helicopters Quadcopter Dron Toys","USD 62.76","USD 31.38","50%","USD","7","USD 2.20","14","93.3%","https://s.click.aliexpress.com/e/_DlZtIMn"
"1005004673126972","https://ae04.alicdn.com/kf/S470b06283c494fe18f044ca258d2dd40W.jpg","http://cloud.video.taobao.com/play/u/2675628091/p/1/e/6/t/1/1100083104561.mp4","Drone 4K HD Dual Camera 8K Drone 4K Profesional WiFi FPV Drone  Quadcopter Real-time transmission Helicopter Dron Boys Gift Toys","USD 44.84","USD 31.39","30%","USD","7","USD 2.20","0","null%","https://s.click.aliexpress.com/e/_DFq69ll"
"1005004321471586","https://ae04.alicdn.com/kf/S46d6646a8a254177a3628f96db1b1efcW.jpg","http://cloud.video.taobao.com/play/u/2675628091/p/1/e/6/t/1/1100028123231.mp4","2022 New A3 Mini Drone 4K Profesional With Dual Camera Hd WIFI FPV Height Hold LED Light Rc Helicopter Quadcopter Dron Gift Toys","USD 30.08","USD 30.08","0%","USD","7","USD 2.11","18","84.0%","https://s.click.aliexpress.com/e/_DmfdgCP"
"1005003057649608","https://ae04.alicdn.com/kf/U49a928557c8342c78c54e14a16f87c68t.jpg","http://cloud.video.taobao.com/play/u/2675628091/p/1/e/6/t/1/319378572035.mp4","Drone 4K Profesional LS11 HD Camera WIFI FPV Hight Hold Mode One Key Return Foldable Arm Quadcopter RC Dron For Child Gift","USD 61.46","USD 27.66","55%","USD","7","USD 1.94","12","90.0%","https://s.click.aliexpress.com/e/_DdagpTt"
"1005003984387571","https://ae04.alicdn.com/kf/U1f4039968803431195c36ca69f85e542U.jpg","http://cloud.video.taobao.com/play/u/2675628091/p/1/e/6/t/1/349644177381.mp4","SJRC F11S 4K Pro Drone HD Camera 3KM WIFI GPS EIS 2-axis Anti-Shake Gimbal FPV Brushless Quadcopter drone 4k profesional Dron","USD 774.86","USD 232.46","70%","USD","7","USD 16.27","86","85.5%","https://s.click.aliexpress.com/e/_DDnZNEf"
"4001267169343","https://ae04.alicdn.com/kf/Sb630796a3a0749918e6873e61258a1016.png","http://cloud.video.taobao.com/play/u/2675628091/p/1/e/6/t/1/1100012464370.mp4","2022 NEW Drone 4k Profesional GPS 360 Degree Obstacle Avoidance Brushless Motor Quadcopter 8K HD Aerial Photography RC Dron Toy","USD 202.75","USD 72.99","64%","USD","7","USD 5.11","692","87.2%","https://s.click.aliexpress.com/e/_DcjneKx"
"1005002226581431","https://ae04.alicdn.com/kf/Se9e529b9dc704e8db8507a7e54132387G.png","http://cloud.video.taobao.com/play/u/2675628091/p/1/e/6/t/1/300108555597.mp4","JIMITU RC Drone Quadrocopter UAV with 4K ESC Camera Profesional WIFI Wide-angle Aerial Photography Long Life Remote Control Toys","USD 65.07","USD 32.53","50%","USD","8.5","USD 2.77","37","92.7%","https://s.click.aliexpress.com/e/_DmiA5Qn"
"1005004400740046","https://ae04.alicdn.com/kf/Sc6051b2e06724302b127cbcbfaa49c7dK.jpg",,"4K Drone Profesional GPS 5KM Dual HD Quadcopter with Camera with 360 Obstacle Avoidance 5G WiFi VS DJI Mini Drone RC Quadcopter","USD 14.26","USD 9.98","30%","USD","8.0","USD 0.80","33","70.0%","https://s.click.aliexpress.com/e/_Dl21Zl5"
"1005002448015853","https://ae04.alicdn.com/kf/Sc7a7ba77ac2744b689790c2422ead01fc.jpg","http://cloud.video.taobao.com/play/u/2675628091/p/1/e/6/t/1/305335322714.mp4","2022 New GPS Drone 4k Profesional 8K HD Camera 2-Axis Gimbal Anti-Shake Aerial Photography Brushless Foldable Quadcopter 1.2km","USD 277.31","USD 127.56","54%","USD","8.0","USD 10.20","1777","93.6%","https://s.click.aliexpress.com/e/_DdYkWCn"
"1005002382690946","https://ae04.alicdn.com/kf/S4f780d3f2f22437495c83f1055445cc8v.jpg","http://cloud.video.taobao.com/play/u/2675628091/p/1/e/6/t/1/304501445146.mp4","SHAREFUNBAY S89 Pro Rc Mini Drone 4k Profesional HD Dual Camera Fpv Drones With Camera Hd 4k Rc Helicopters Quadcopter Toys","USD 54.26","USD 18.45","66%","USD","7","USD 1.29","874","96.2%","https://s.click.aliexpress.com/e/_Ddh1Ym7"
"1005004726865829","https://ae04.alicdn.com/kf/Sa0b14a8cc57941fe95935efb73b694446.jpg","http://cloud.video.taobao.com/play/u/2675628091/p/1/e/6/t/1/1100086481106.mp4","S604 Dron UAV Folding GPS Four-axis Drones Light Flow Dual 6K Camera Low-electric Return Aircraft Drone 4K Profesional GPS 3KM","USD 84.88","USD 59.42","30%","USD","7","USD 4.16","0","null%","https://s.click.aliexpress.com/e/_DCrMSNv"
"1005004042457454","https://ae04.alicdn.com/kf/S02ded6b76e19407f9a3a1d8fd9eb529a4.jpg","http://cloud.video.taobao.com/play/u/2675628091/p/1/e/6/t/1/351124588660.mp4","2022 New F10 Pro Drone Profesional 6K HD Camera GPS 5G WIFI FPV Fold Quadcopter  Distance 2KM Helicopters RC Drone Toy Gift","USD 99.18","USD 49.59","50%","USD","8.0","USD 3.97","22","91.1%","https://s.click.aliexpress.com/e/_DE55qGR"
"1005002442919300","https://ae04.alicdn.com/kf/S165db7cc298a4e2aa7a729f24dabdf67t.jpg","http://cloud.video.taobao.com/play/u/2675628091/p/1/e/6/t/1/317313789583.mp4","2022 New Mini Drone S89 pro 4k Profesional HD Dual Camera WiFi  Fpv Drones Height Preservation Rc Helicopters Quadcopter Toys","USD 55.85","USD 18.99","66%","USD","7","USD 1.33","1262","93.5%","https://s.click.aliexpress.com/e/_DlWrbJh"
"1005002710517542","https://ae04.alicdn.com/kf/Sdd35a901ef5d4e559b8a1e89aae09e75F.jpg","http://cloud.video.taobao.com/play/u/2675628091/p/1/e/6/t/1/306077227755.mp4","KF102 GPS Drone 4k Profesional 8K HD Camera 2-Axis Gimbal Anti-Shake Photography Brushless Foldable Quadcopter RC Distance 1200M","USD 259.38","USD 124.50","52%","USD","8.0","USD 9.96","1295","95.0%","https://s.click.aliexpress.com/e/_Dcz9MQx"
"1005003434585370","https://ae04.alicdn.com/kf/S0cd054e6f2f849ab9761de87bbea3156H.jpg","http://cloud.video.taobao.com/play/u/2675628091/p/1/e/6/t/1/331749532282.mp4","2022 SG908 MAX GPS Drone 3-Axis Gimbal 4K Camera 5G Wifi FPV Profesional 3KM Brushless Quadcopter VS SG906 Max 1 Christmas Gifts","USD 259.67","USD 155.80","40%","USD","8.0","USD 12.46","44","92.0%","https://s.click.aliexpress.com/e/_DDNCMEF"
"1005003787697900","https://ae04.alicdn.com/kf/Seb6af9481b8f4170895497a5ee90c21f2.jpg",,"Drone 4K Profesional GPS Drones 6K 2 Axis Gimbal Professional Camera Quadcopter with Camera RC 3KM Brushless 5G WiFi FPV Dron","USD 334.70","USD 234.29","30%","USD","7","USD 16.40","35","84.0%","https://s.click.aliexpress.com/e/_DESi5GL"
"1005004290854113","https://ae04.alicdn.com/kf/Sfa4d41efdb2c4f779bf316ab981d0f8aA.jpg","http://cloud.video.taobao.com/play/u/2675628091/p/1/e/6/t/1/1100029754444.mp4","CS8 Mini Drone 4k with Profesional HD Dual Drone Obstacle Avoidance 360° RC Wide Angle Adjustable ESC  RC Quadcopter Dron Toys","USD 59.41","USD 59.41","0%","USD","15.0","USD 8.91","183","87.7%","https://s.click.aliexpress.com/e/_DDqLb9z"
"1005001572889569","https://ae04.alicdn.com/kf/H2cccb7d637bb41e9bde7db768856d87aN.jpg","http://cloud.video.taobao.com/play/u/2675628091/p/1/e/6/t/1/339081337056.mp4","2022 New LS7S Profesional Drone 6K HD Camera 5G GPS 3-Axis Gimbal Anti-Shake Brushless helicopter Foldable RC Quadcopter Toys","USD 374.98","USD 149.99","60%","USD","7","USD 10.50","118","98.6%","https://s.click.aliexpress.com/e/_DEMexKn"
"1005003984929956","https://ae04.alicdn.com/kf/S09b9271907f54e169eeb8e568d6e5105a.jpg",,"ZLL SG907 SE Drone 4K GPS Profesional 5G WiFi Dron With Brushless Motor Smart Follow RC Quadcopter VS SG907 Max SG 906 Pro2","USD 149.56","USD 106.19","29%","USD","7","USD 7.43","74","98.9%","https://s.click.aliexpress.com/e/_DFnvCXz"
"4001279013721","https://ae04.alicdn.com/kf/Ha281091de64e4fe8b78912fe9b0aa1b3P.jpg","http://cloud.video.taobao.com/play/u/2675628091/p/1/e/6/t/1/273034541879.mp4","2020 NEW E88 Drone 4k Profesional HD Dual camera Dron WiFi 1080p Real-time Transmission FPV Drones Collapsible Quadcopter Toy","USD 43.32","USD 24.69","43%","USD","7","USD 1.73","327","82.5%","https://s.click.aliexpress.com/e/_DnNJMTH"
"1005003242032898","https://ae04.alicdn.com/kf/H02cd6c80553842f29e20ae8922f6b3bfa.jpg","http://cloud.video.taobao.com/play/u/2675628091/p/1/e/6/t/1/336913533052.mp4","2022  NEW KK1 Drone Minidrone 4k profesional  Single Dual Camera Drone WiFi Fpv Air Pressure Altitude Drone","USD 26.03","USD 16.92","35%","USD","7","USD 1.18","8","60.0%","https://s.click.aliexpress.com/e/_DdgnvNd"
"1005004560028669","https://ae04.alicdn.com/kf/Sc9ba8b68f6294a5496e05b9ebe99ae38q.jpg","http://cloud.video.taobao.com/play/u/2675628091/p/1/e/6/t/1/1100070513913.mp4","Drone 8K Profesional Drones With Camera Hd 4K Mini 6K Dron Quadcopt Obstacle Avoidance Aerial Photography Remote Controlled Toys","USD 41.49","USD 27.38","34%","USD","7","USD 1.92","1657","81.7%","https://s.click.aliexpress.com/e/_DFr2O0P"
"1005003223698071","https://ae04.alicdn.com/kf/S7c488b9203004ca8b0280c82770c53aeZ.jpg","http://cloud.video.taobao.com/play/u/2675628091/p/1/e/6/t/1/1100007492463.mp4","SG906 MAX1 Professional 4K Camera Profesional Drone GPS with 3 Axis Gimbal 5G WiFi RC 4KM FPV Quadcopter Brushless MAX2 EQB Dron","USD 274.99","USD 219.99","20%","USD","7","USD 15.40","32","88.2%","https://s.click.aliexpress.com/e/_DkMyskf"
"1005004059231300","https://ae04.alicdn.com/kf/Sa4dab44331f04fe694e81c5c04518d88p.jpg","http://cloud.video.taobao.com/play/u/2675628091/p/1/e/6/t/1/1100011765088.mp4","Professional RC Drone GPS 4K Camera HD 3 Axis Gimbal EIS Dual 4KM Drones Quadcopter SG906 MAX2 VS F11S 4K PRO Profesional Dron","USD 274.99","USD 219.99","20%","USD","7","USD 15.40","49","100.0%","https://s.click.aliexpress.com/e/_DlSYpIR"
"1005001479302042","https://ae04.alicdn.com/kf/S9e4781b203194774997cc05a3c1fc924w.jpg","http://cloud.video.taobao.com/play/u/2675628091/p/1/e/6/t/1/279458500702.mp4","CSF F11S Pro Drone 4k Profesional Camera 3KM WIFI GPS EIS 2-axis Anti-Shake Gimbal FPV Brushless Quadcopter RC Helicopter Dron","USD 429.98","USD 171.99","60%","USD","8.0","USD 13.76","1178","95.0%","https://s.click.aliexpress.com/e/_DmY4FTp"
"1005004659518322","https://ae04.alicdn.com/kf/S90210bf8c9184c20b39dcba017c93ae3F.jpg","http://cloud.video.taobao.com/play/u/2675628091/p/1/e/6/t/1/1100081863236.mp4","SG908 MAX / SG908 Pro 4K Profesional Camera Drone With WiFi 3KM GPS 3-Axis Gimbal Obstacle Avoidance RC Quadcopter Drone","USD 318.42","USD 152.84","52%","USD","8.0","USD 12.23","7","null%","https://s.click.aliexpress.com/e/_DcvQ6QF"
"1005002965088369","https://ae04.alicdn.com/kf/S2efa2de3ed8741fab4bf4eaa801af77d2.jpg",,"DJI FPV Combo Super-Wide 150° FOV 28ms Low-Latency 10km Video Transmission Included FPV Goggles V2 Profesional Drones Brand NEW","USD 1486.25","USD 1189.00","20%","USD","1","USD 11.89","33","98.0%","https://s.click.aliexpress.com/e/_DECx0kB"
"1005004430871765","https://ae04.alicdn.com/kf/S190dd5eb164245b7812f2ee944d22c55N.jpg",,"CS8 Mini Drone 4K Double Camera HD Profesional Obstacle Avoidance 360° RC Wide Angle Adjustable ESC RC Quadcopter Toy For Gift","USD 24.53","USD 19.62","20%","USD","8.0","USD 1.57","2","100.0%","https://s.click.aliexpress.com/e/_DFmXtIr"
"4000573303207","https://ae04.alicdn.com/kf/S9a1098b665134a0ebd7ad3dbbe4baafbP.png","http://cloud.video.taobao.com/play/u/2675628091/p/1/e/6/t/1/300151138590.mp4","RC Drone FPV Quadcopter UAV with ESC Camera 4K HD Profesional Wide-Angle Aerial Photography Long Life Remote Control Helicopter","USD 65.00","USD 32.50","50%","USD","10.0","USD 3.25","318","95.0%","https://s.click.aliexpress.com/e/_Dk433SX"
"1005004207974940","https://ae04.alicdn.com/kf/Sd4099fe8021a458aa7ba08a849d857e3L.jpg","http://cloud.video.taobao.com/play/u/2675628091/p/1/e/6/t/1/1100017211773.mp4","RC Drone FPV Quadcopter UAV with ESC Camera 4K HD Profesional Wide-Angle Aerial Photography Long Life Remote Control Helicopter","USD 76.30","USD 34.33","55%","USD","7","USD 2.40","34","93.3%","https://s.click.aliexpress.com/e/_DdR6U6L"
"1005003050868889","https://ae04.alicdn.com/kf/Hcf697fad34444cfc875b6a9fe163ce14S.jpg","http://cloud.video.taobao.com/play/u/2675628091/p/1/e/6/t/1/312871354180.mp4","2021 New K9 Pro Mini Drone 4k Hd Camera Profesional Rc Quadcopter Wifi Fpv Height Remains Foldable Drones Helicopter Toy VS E525","USD 35.99","USD 21.23","41%","USD","7","USD 1.49","391","97.0%","https://s.click.aliexpress.com/e/_DdePbUF"
"1005003058899604","https://ae04.alicdn.com/kf/U1713fa8cc16e4130b67f06655b1cdf36y.jpg","http://cloud.video.taobao.com/play/u/2675628091/p/1/e/6/t/1/320185506548.mp4","H12 RC Drone FPV Quadcopter UAV with ESC Camera 4K Profesional Wide-Angle Aerial Photography Long Life Remote Control Helicopter","USD 70.93","USD 32.63","54%","USD","7","USD 2.28","69","91.7%","https://s.click.aliexpress.com/e/_Dch5Wqb"
"1005004374470630","https://ae04.alicdn.com/kf/S24c7e10c04aa4d4886f450208275bb28Z.jpg",,"F9 RC Drone 4K Profesional GPS 2KM Dual HD Dron Brushless Motor Quadcopter 6K HD Aerial Photography RC Helicopter Airplane Toys","USD 173.96","USD 86.98","50%","USD","7","USD 6.09","25","100.0%","https://s.click.aliexpress.com/e/_DEZTwtZ"
"1005004269453734","https://ae04.alicdn.com/kf/Sf5b545cb37154acdaf4fd07cd5ab22bcQ.jpg",,"2022 New S819 Drone 4k Profesional HD Pair Camera With obstacle avoidance Brushless Motor Foldable Quadcopter Helicopter Toys","USD 149.98","USD 59.99","60%","USD","7","USD 4.20","136","100.0%","https://s.click.aliexpress.com/e/_DFfnGdv"
"1005004694538381","https://ae04.alicdn.com/kf/S4915799af87e44e795636db2a13cfaf2P.jpg",,"K3 Mini RC Drone 4k Profesional HD Wide Angle Camera WIFI APP FPV Drone Foldable RC Camera Quadcopter for Kids Adults Beginners","USD 65.34","USD 29.40","55%","USD","35.0","USD 10.29","0","null%","https://s.click.aliexpress.com/e/_DClasax"
"1005002328787091","https://ae04.alicdn.com/kf/Sa542b4e243584959bfce7f8325d43cd5N.jpg","http://cloud.video.taobao.com/play/u/2675628091/p/1/e/6/t/1/301722456797.mp4","LAUMOX SG907 MAX 4K Camera GPS Drone 5G WiFi With 3-Axis Gimbal 25 Minutes Flight Profesional RC Quadcopter Dron SG906 PRO 2","USD 189.22","USD 132.45","30%","USD","7","USD 9.27","54","84.0%","https://s.click.aliexpress.com/e/_DCcr3sj"
"1005002317713146","https://ae04.alicdn.com/kf/S9e5c4b87d9c7411b88a2fac7326f4cd2b.jpg","http://cloud.video.taobao.com/play/u/2675628091/p/1/e/6/t/1/310265003805.mp4","LAUMOX KF102 MAX Drone 4K Profesional GPS HD Camera with 2-Axis Anti-Shake Gimbal Brushless Motor RC Quadcopter VS SG907 MAX","USD 161.41","USD 104.92","35%","USD","7","USD 7.34","337","93.8%","https://s.click.aliexpress.com/e/_DBpGGw7"
"1005004630831440","https://ae04.alicdn.com/kf/S6a3afbaf506247c5bbada29fbf4de6a0K.jpg","http://cloud.video.taobao.com/play/u/2675628091/p/1/e/6/t/1/1100078952843.mp4","New 8K Dron Foldable Quadcopter Toy Drone 4K Profesional HD Dual Camera fpv Drone Height Keep Drones Photography Rc Helicopter","USD 39.18","USD 27.43","30%","USD","7","USD 1.92","26","100.0%","https://s.click.aliexpress.com/e/_DlpvJub"
"1005004615971316","https://ae04.alicdn.com/kf/Se96198f1c1594f498d58d4f3652a862fp.jpg",,"Drone 4k Profesional Dron with Camera 3-Axis Gimbal Brushless 5G Wif GPS Optical Flow RC Quadcopter","USD 12.17","USD 8.52","30%","USD","8.0","USD 0.68","87","100.0%","https://s.click.aliexpress.com/e/_DmrVhU3"
"4000174075447","https://ae04.alicdn.com/kf/Sb39215afaa5e46bd835c31bea0bfee31e.jpg","http://cloud.video.taobao.com/play/u/2675628091/p/1/e/6/t/1/348120471731.mp4","CEVENNESFE 2022 NEW Drone 8k Profesional HD Camera 5G Wifi 3-Axis Gimbal EIS Anti-shake GPS FPV Quadcopter RC Helicopter 3000M","USD 447.50","USD 179.00","60%","USD","7","USD 12.53","421","98.2%","https://s.click.aliexpress.com/e/_DCr0AWx"
"1005003818555891","https://ae04.alicdn.com/kf/Sbadf724053704a21a9b058392ba58034K.jpg","http://cloud.video.taobao.com/play/u/2675628091/p/1/e/6/t/1/346009322270.mp4","LSRC E99 K3 PRO Mini Drone 4K HD camera WIFI FPV Obstacle Avoidance Foldable Profesional RC Dron Quadcopter Helicopter Toys","USD 44.97","USD 23.83","47%","USD","7","USD 1.67","620","80.3%","https://s.click.aliexpress.com/e/_DkLcuBH"
"1005001305932092","https://ae04.alicdn.com/kf/H999af15419354928aa2feb0b3766a3fbm.jpg","http://cloud.video.taobao.com/play/u/2675628091/p/1/e/6/t/1/271286311057.mp4","Mini 4K RC drone with Camera Foldable drones Altitude Hold Pocket Profesional Quadcopter Dron Gift Toys for boys","USD 13.18","USD 6.59","50%","USD","7","USD 0.46","21","100.0%","https://s.click.aliexpress.com/e/_DEoQj0x"
"1005004099198392","https://ae04.alicdn.com/kf/Sa16615e91096423db7bea4cfaaa2c8cdx.jpg","http://cloud.video.taobao.com/play/u/2675628091/p/1/e/6/t/1/1100013799185.mp4","QJ KY905 Mini Drone 4K Profesional Camera Wifi FPV Foldable Dron Quadcopter One-Key Return 360 Rolling RC Helicopter Kid Toys","USD 36.50","USD 18.98","48%","USD","7","USD 1.33","130","96.7%","https://s.click.aliexpress.com/e/_DCUz9Wr"
"1005003787529004","https://ae04.alicdn.com/kf/S014203ddff094e939596832fbb4488f4b.jpg","http://cloud.video.taobao.com/play/u/2675628091/p/1/e/6/t/1/345441407072.mp4","4DRC V20 Drone 4k Profesional HD Dual Camera fpv Drone Height Keep Drones Photography Rc Helicopter Foldable Quadcopter Dron Toy","USD 41.38","USD 19.45","53%","USD","8.0","USD 1.56","472","95.1%","https://s.click.aliexpress.com/e/_DmWK7Or"
"1005004326300722","https://ae04.alicdn.com/kf/S03bd903cab11498cb3d9fb10981495f0x.jpg","http://cloud.video.taobao.com/play/u/2675628091/p/1/e/6/t/1/1100035534489.mp4","LSRC Latest E99 K3 PRO RC Drone 4K Profesional HD Dual Camera Obstacle Avoidance WIFI FPV Foldable Quadcopter Dron Gift Toy","USD 37.81","USD 22.69","40%","USD","10.0","USD 2.27","95","98.3%","https://s.click.aliexpress.com/e/_DD6ZX2X"
"1005004727007909","https://ae04.alicdn.com/kf/Sa520b26db7b54ccebf1a2a847ac297e6z.jpg","http://cloud.video.taobao.com/play/u/2675628091/p/1/e/6/t/1/1100086481106.mp4","GPS Drone 4k Profesional 8K HD Camera 3-Axis Gimbal Anti-Shake Photography Brushless Foldable Quadcopter Dron RC Distance 3000M","USD 84.88","USD 59.42","30%","USD","7","USD 4.16","0","null%","https://s.click.aliexpress.com/e/_DESI1zN"
"1005003899182224","https://ae04.alicdn.com/kf/Sce1f069f50144de1a6d7797fd54208e7N.jpg","http://cloud.video.taobao.com/play/u/2675628091/p/1/e/6/t/1/1100050583158.mp4","CEVENNESFE XS011 GPS Drone 4k Profesional HD Camera With obstacle avoidance Brushless Foldable Quadcopter Remote Helicopter Toys","USD 133.31","USD 39.99","70%","USD","7","USD 2.80","140","90.4%","https://s.click.aliexpress.com/e/_DEg50yJ"
"1005004314303704","https://ae04.alicdn.com/kf/S518684b491994f7fbdae4f7aa279682bU.jpg","http://cloud.video.taobao.com/play/u/2675628091/p/1/e/6/t/1/1100033303339.mp4","F3 Drone 4k Profesional GPS 5G WIFI 6k HD Camera Drone Rc Distance 2000m F10 Drones HD Dual Camera RC Quadcopter Gift Toy","USD 73.60","USD 36.80","50%","USD","7","USD 2.58","151","91.5%","https://s.click.aliexpress.com/e/_DBwzx03"
"1005004402306842","https://ae04.alicdn.com/kf/S3898bd8d5fd145b09d346da0e6ee9cb2E.jpg","http://cloud.video.taobao.com/play/u/2675628091/p/1/e/6/t/1/1100049295816.mp4","New GPS Drone 4K Profesional 8K HD Camera 3-axis anti-shake Gimbal Obstacle Avoidance aerial photography aircraft Quadcopter","USD 294.64","USD 141.43","52%","USD","7","USD 9.90","46","100.0%","https://s.click.aliexpress.com/e/_DFHRKZD"
"4000016604997","https://ae04.alicdn.com/kf/S4cccbda3c5274502b8f04c6045c04994a.jpg","http://cloud.video.taobao.com/play/u/2675628091/p/1/e/6/t/1/247989553262.mp4","Eachine E520S RC Quadcopter Drone Helicopter with 4K Profesional HD Camera 5G WIFI FPV Racing GPS Wide Angle Foldable Toys RTF","USD 131.98","USD 68.63","48%","USD","3","USD 2.06","37","85.7%","https://s.click.aliexpress.com/e/_DeCMFnZ"
"1005001659706515","https://ae04.alicdn.com/kf/Ha934c53c453344ad80a341c4f96bf406A.jpg","http://cloud.video.taobao.com/play/u/2675628091/p/1/e/6/t/1/285219586869.mp4","Drone 4k Profesional with Camera WIFI FPV RC Quadrocopter Drones Aerial Photography Ultra-Long Life Detachable Camera Dron Toy","USD 38.42","USD 13.45","65%","USD","7","USD 0.94","246","88.2%","https://s.click.aliexpress.com/e/_Dljunan"
"1005003812383311","https://ae04.alicdn.com/kf/S898e957bc4ff45c9be936f79d0f9dd6fW.jpg","http://cloud.video.taobao.com/play/u/2675628091/p/1/e/6/t/1/346283011237.mp4","V20 Mini Drone 4K Profesional HD Camera Wifi FPV Foldable Dron Quadcopter One-Key Return 360 Rolling RC Helicopter Kids Toy","USD 98.97","USD 28.70","71%","USD","7","USD 2.01","81","94.1%","https://s.click.aliexpress.com/e/_DEC5AIj"
"1005003812861748","https://ae04.alicdn.com/kf/S8b05970adbf84c43b783630d08f38796b.jpg","http://cloud.video.taobao.com/play/u/2675628091/p/1/e/6/t/1/1100073999312.mp4","SG906 Max Drone 4K Profesional 3 Axis Gimbal GPS WiFi FPV RC Quadcopter 1.2KM Brushless Motor Foldable Obstacle Avoidance Dron","USD 373.45","USD 190.46","49%","USD","8.0","USD 15.24","21","100.0%","https://s.click.aliexpress.com/e/_DFlRYTd"
"1005004384892844","https://ae04.alicdn.com/kf/S6243b4809305482c86d96233ce1f4884P.jpg","http://cloud.video.taobao.com/play/u/2675628091/p/1/e/6/t/1/1100046400608.mp4","2022 New XS011 Mini Drone 4k Profesional HD Camera With obstacle avoidance Brushless Foldable Quadcopter Remote Helicopter Toys","USD 99.98","USD 39.99","60%","USD","7","USD 2.80","338","88.5%","https://s.click.aliexpress.com/e/_DlSa0T9"
