Category Name,CategoryID,Product Name,ProductID,Product Image Url,allImageUrls(5<),Product Url,originalPrice($),salePrice($),Commission Rate,Out of Stock Date,Discount,Click url
Men's Sets,200003495,2022 New Soccer Sports Uniform Sets Men's And Women's Adult Kids Sets Polyester Print Soccer T-shirt Set Training Contest Suit,1005003795753206,https://ae01.alicdn.com/kf/H45d3b70698f74359aab85c11e538ab0aa/2022-New-Soccer-Sports-Uniform-Sets-Men-s-And-Women-s-Adult-Kids-Sets-Polyester-Print.jpg_220x220.jpg,"https://ae04.alicdn.com/kf/H45d3b70698f74359aab85c11e538ab0aa.jpg,https://ae04.alicdn.com/kf/Ha79a23e4960d4318924b999c1dee7cc0q.jpg,https://ae04.alicdn.com/kf/H00168004e5a34f7ea3949537862f5ce8k.jpg,https://ae04.alicdn.com/kf/H38b9e339c01e481e8669bbe87aaad0f9h.jpg,https://ae04.alicdn.com/kf/H1fe6f29c52574c5cae8ffb8d6dd2f130s.jpg,",https://www.aliexpress.com/item/1005003795753206.html,29.99,13.80,9.00%,,54%,https://s.click.aliexpress.com/e/_AqFOda
Men's Sets,200003495,Summer Formula One Racer Alonso F1 Alpine team Racing Fans Zipper Hoodies Tracksuit Men's Sets Clothes+Trousers Sweatshirt,1005003794889976,https://ae01.alicdn.com/kf/Sd95dfd7fb8b34d31ae671ef730d950e24/Summer-Formula-One-Racer-Alonso-F1-Alpine-team-Racing-Fans-Zipper-Hoodies-Tracksuit-Men-s-Sets.jpg_220x220.jpg,"https://ae04.alicdn.com/kf/Sd95dfd7fb8b34d31ae671ef730d950e24.jpg,https://ae04.alicdn.com/kf/Sc19bb041011943abb9c80507d2c15f92y.jpg,https://ae04.alicdn.com/kf/S6fe49eedda6c44b9b6193af41744e97dk.jpg,https://ae04.alicdn.com/kf/S15e69cfbe4514d8d901aa73f2d04e8359.jpg,https://ae04.alicdn.com/kf/S9d218dd3a4be4be6ac606b415ee0acaa1.jpg,",https://www.aliexpress.com/item/1005003794889976.html,51.56,25.78,10.00%,,50%,https://s.click.aliexpress.com/e/_A6Ong8
Men's Sets,200003495,Men's Two-piece Hooded Solid Color Sports Sets Autumn  Fashion Long Sleeve Sweatshirt Suit Casual Men's Clothing Plus Size M-4XL,1005003740424251,https://ae01.alicdn.com/kf/S67282117dfcf485ebae5e4d9bcd8b1b0t/Men-s-Two-piece-Hooded-Solid-Color-Sports-Sets-Autumn-Fashion-Long-Sleeve-Sweatshirt-Suit-Casual.jpg_220x220.jpg,"https://ae04.alicdn.com/kf/S67282117dfcf485ebae5e4d9bcd8b1b0t.jpg,https://ae04.alicdn.com/kf/Safa15615bfc946ed92cd3d9be526b2dav.jpg,https://ae04.alicdn.com/kf/Sdbf90b3ce8c44b049afea9d644d5facaS.jpg,https://ae04.alicdn.com/kf/Sebb3a9770ca2498c9796806b2bf0d6d9r.jpg,https://ae04.alicdn.com/kf/Sbd6be393a42e43b0b58fca56794f6f58d.jpg,",https://www.aliexpress.com/item/1005003740424251.html,43.39,23.00,9.00%,,47%,https://s.click.aliexpress.com/e/_AMkvau
Men's Sets,200003495,2 Pieces Kids Toddler Baby Boys Clothes Set Children Little Boys Letter Mini Bossy T-shirt Tops Pants Outfits 1-6T,1005003634884460,https://ae01.alicdn.com/kf/H7c5b677435c3491aa38f65fc6b4783034/2-Pieces-Kids-Toddler-Baby-Boys-Clothes-Set-Children-Little-Boys-Letter-Mini-Bossy-T-shirt.png_220x220.png,"https://ae04.alicdn.com/kf/H7c5b677435c3491aa38f65fc6b4783034.png,https://ae04.alicdn.com/kf/He8902cd47ad54f19a93edfc720b7e753e.png,https://ae04.alicdn.com/kf/Hc811e434999c416aa1becc76247b07c7v.jpg,",https://www.aliexpress.com/item/1005003634884460.html,13.56,10.85,16.00%,,20%,https://s.click.aliexpress.com/e/_97TwZ6
Men's Sets,200003495,Viking Tattoo 3D Printed Men's Sweatshirt Hoodies Sets Men's  Tracksuit/Pullover/Pants Cool Sport Suits Autumn Winter Male Suit,1005003693129068,https://ae01.alicdn.com/kf/U2490b084ed134566828e78b341bcbb9b0/Viking-Tattoo-3D-Printed-Men-s-Sweatshirt-Hoodies-Sets-Men-s-Tracksuit-Pullover-Pants-Cool-Sport.jpg_220x220.jpg,"https://ae04.alicdn.com/kf/U2490b084ed134566828e78b341bcbb9b0.jpg,https://ae04.alicdn.com/kf/U2da426619d2c40989214ba020759c077v.jpg,https://ae04.alicdn.com/kf/Ud99618843d304e679dbfd2b3e4302f52U.jpg,https://ae04.alicdn.com/kf/U46064718a0724251be4a10f51778bcdfO.jpg,https://ae04.alicdn.com/kf/U7a5d4f444aa64e24833e66ae5168a621Y.jpg,",https://www.aliexpress.com/item/1005003693129068.html,26.35,13.17,10.00%,,50%,https://s.click.aliexpress.com/e/_9vBBiC
Men's Sets,200003495,Fashion Men's Spring Summer Men T-Shirt Long Sleeve Suit 3d Printing Anime Plus Size Men's Sports Clothes Round Neck Sports Suit,1005003795016510,https://ae01.alicdn.com/kf/H3b8d8ccedf874796bb754e88e31d9929Y/Fashion-Men-s-Spring-Summer-Men-T-Shirt-Long-Sleeve-Suit-3d-Printing-Anime-Plus-Size.jpg_220x220.jpg,"https://ae04.alicdn.com/kf/H3b8d8ccedf874796bb754e88e31d9929Y.jpg,https://ae04.alicdn.com/kf/H57e24445330b4617aa45ccb1abbc15d2K.jpg,https://ae04.alicdn.com/kf/H0e8ff4c198d644478ebcb89a197f70177.jpg,https://ae04.alicdn.com/kf/Heb38aa5d391141a092bf5d8e301669b7c.jpg,https://ae04.alicdn.com/kf/H25ed84263e3c48bba4b48a8a5ecb0a6bd.jpg,",https://www.aliexpress.com/item/1005003795016510.html,35.27,8.82,9.00%,,75%,https://s.click.aliexpress.com/e/_AL0xUU
Men's Sets,200003495,New Men's Zipper Hoodie Sweatshirts+Pants Two Pieces Casual Tracksuit Male Sportswear Jogging Clothing football jerseys Sets,1005003717582554,https://ae01.alicdn.com/kf/S8241ba79ee3a4f0bb5e256c7b629b9328/New-Men-s-Zipper-Hoodie-Sweatshirts-Pants-Two-Pieces-Casual-Tracksuit-Male-Sportswear-Jogging-Clothing-football.jpg_220x220.jpg,"https://ae04.alicdn.com/kf/S8241ba79ee3a4f0bb5e256c7b629b9328.jpg,https://ae04.alicdn.com/kf/S3215fead10824d00b215453d2362173aK.jpg,https://ae04.alicdn.com/kf/Sac2c2b65ab1c4d099b6fbf3444142a06N.jpg,https://ae04.alicdn.com/kf/S4d51d53fe07e4b1995a3ccd3847c885do.jpg,https://ae04.alicdn.com/kf/Sc715dc64fd614293bec362736340e855G.jpg,",https://www.aliexpress.com/item/1005003717582554.html,68.81,28.21,9.00%,,59%,https://s.click.aliexpress.com/e/_AZcC9a
Men's Sets,200003495,2022 Men's Tracksuit Luxury 2 Piece Set Japanese Style Casual Hoodies Sweatshirt and Sweatpants Suit Print Jogging Sports 3XL,1005003796004109,https://ae01.alicdn.com/kf/S9a98761a1c1b486d9d033638b946ec36J/2022-Men-s-Tracksuit-Luxury-2-Piece-Set-Japanese-Style-Casual-Hoodies-Sweatshirt-and-Sweatpants-Suit.jpg_220x220.jpg,"https://ae04.alicdn.com/kf/S9a98761a1c1b486d9d033638b946ec36J.jpg,https://ae04.alicdn.com/kf/S71955f24761d4b37a6ce89b3fc29428fe.jpg,https://ae04.alicdn.com/kf/Sfea3d67901b84a13b86a2e27cdbac1b2a.jpg,https://ae04.alicdn.com/kf/S9692896109ff4ab89942eba612fc714cf.jpg,https://ae04.alicdn.com/kf/Sbf224715712d4b9aa811281b5b34cbc4H.jpg,",https://www.aliexpress.com/item/1005003796004109.html,28.68,14.34,10.00%,,50%,https://s.click.aliexpress.com/e/_9uqykg
Men's Sets,200003495,Mens Set Short Sleeve Hawaiian Shirt and Shorts Summer Casual Floral Shirt Beach Two Piece Suit 2021 New Fashion Men Sets M-3XL,1005003792879965,https://ae01.alicdn.com/kf/Se5e4b6ec17894abf998eba54ad19b48bR/Mens-Set-Short-Sleeve-Hawaiian-Shirt-and-Shorts-Summer-Casual-Floral-Shirt-Beach-Two-Piece-Suit.jpg_220x220.jpg,"https://ae04.alicdn.com/kf/Se5e4b6ec17894abf998eba54ad19b48bR.jpg,https://ae04.alicdn.com/kf/Sfaca612d4f1c448da4e652c479dbea14m.jpg,https://ae04.alicdn.com/kf/S4a25e5dd6bf44fabb7a362e66e3a4c67B.jpg,https://ae04.alicdn.com/kf/Sbe23d316682949ff8e305b4e6b06b2ac8.jpg,https://ae04.alicdn.com/kf/S6dcbc3072fa748bea100a19a14a466011.jpg,",https://www.aliexpress.com/item/1005003792879965.html,21.97,15.38,9.00%,,30%,https://s.click.aliexpress.com/e/_AmZ9uM
Men's Sets,200003495,Retro Men's Spring Summer Men's Clothing T-Shirt Long Sleeve Set 3d Print Casual Plus Size Men's Sportswear Crew Neck Sports Sui,1005003795342778,https://ae01.alicdn.com/kf/Hc1261a0a173a40b4a66440ceb280430eT/Retro-Men-s-Spring-Summer-Men-s-Clothing-T-Shirt-Long-Sleeve-Set-3d-Print-Casual.jpg_220x220.jpg,"https://ae04.alicdn.com/kf/Hc1261a0a173a40b4a66440ceb280430eT.jpg,https://ae04.alicdn.com/kf/H26c58b80e99e4a76bc23d76b33e6f40f9.jpg,https://ae04.alicdn.com/kf/Hde253d12a8cb48e08c81003d4b30b9ceC.jpg,https://ae04.alicdn.com/kf/H990675e550bd417bab9d0761bf4faca7S.jpg,https://ae04.alicdn.com/kf/Hb0064c7b6a444240a5e0890a73969e9f2.jpg,",https://www.aliexpress.com/item/1005003795342778.html,35.27,8.82,9.00%,,75%,https://s.click.aliexpress.com/e/_AZAeFq
Men's Sets,200003495,INCERUN American Style Men's Breathable Mesh Sets Short-sleeved Top Drawstring Trousers Casual Streetwear Two-piece Suits S-5XL,1005003708191045,https://ae01.alicdn.com/kf/Scec03d708f584536ad1b819237bb01a5u/INCERUN-American-Style-Men-s-Breathable-Mesh-Sets-Short-sleeved-Top-Drawstring-Trousers-Casual-Streetwear-Two.jpg_220x220.jpg,"https://ae04.alicdn.com/kf/Scec03d708f584536ad1b819237bb01a5u.jpg,https://ae04.alicdn.com/kf/S5e05b8b1788141e2bbefed870446e0def.jpg,https://ae04.alicdn.com/kf/S7d152f507922432c83612ad1e44710d0j.jpg,https://ae04.alicdn.com/kf/H48fbb4c5bd8c40229fa0954952a0f675y.jpg,https://ae04.alicdn.com/kf/H25b612fe1d56448fbe5ab00c75154118v.jpg,",https://www.aliexpress.com/item/1005003708191045.html,34.21,20.18,9.00%,,41%,https://s.click.aliexpress.com/e/_A5L4N6
Men's Sets,200003495,Autumn Men Hooded Sweatshirts Suits Streetwear Clothes Casual Hoodies+Pants 2 Piece Sets jogging pull homme  Men Tracksuits,1005003718056031,https://ae01.alicdn.com/kf/S577b84ef98594b5983f6aa366dd8e1a2D/Autumn-Men-Hooded-Sweatshirts-Suits-Streetwear-Clothes-Casual-Hoodies-Pants-2-Piece-Sets-jogging-pull-homme.jpg_220x220.jpg,"https://ae04.alicdn.com/kf/S577b84ef98594b5983f6aa366dd8e1a2D.jpg,https://ae04.alicdn.com/kf/Sc52c91f3375e482181a3f2a2c0d7cfa7k.jpg,https://ae04.alicdn.com/kf/S7256dba1b9de44a48aabdc4718cb4acaS.jpg,https://ae04.alicdn.com/kf/S511376c53a714e0aa967ef15442643d9H.jpg,https://ae04.alicdn.com/kf/Sd80d09a96c184db4a12343ad3367871ct.jpg,",https://www.aliexpress.com/item/1005003718056031.html,32.47,12.99,9.00%,,60%,https://s.click.aliexpress.com/e/_AgP6AU
Men's Sets,200003495,Casual suit men's autumn and winter new style trendy handsome loose tooling jacket jacket sports plus velvet two-piece suit,1005003732286321,https://ae01.alicdn.com/kf/S793998e4ac80437cab80140b5bb4a4466/Casual-suit-men-s-autumn-and-winter-new-style-trendy-handsome-loose-tooling-jacket-jacket-sports.jpg_220x220.jpg,"https://ae04.alicdn.com/kf/S793998e4ac80437cab80140b5bb4a4466.jpg,https://ae04.alicdn.com/kf/S11862eb4ee6447e788806666ff89857cQ.jpg,https://ae04.alicdn.com/kf/S338e97f956e444a8bcc2dff4978390c9f.jpg,https://ae04.alicdn.com/kf/Sf11aa9a1bf054813941a4fdbd78e333eR.jpg,https://ae04.alicdn.com/kf/S236aee04caad4ebc9eae64976dd9ebd5D.jpg,",https://www.aliexpress.com/item/1005003732286321.html,119.20,59.60,9.00%,,50%,https://s.click.aliexpress.com/e/_AS2SDi
Men's Sets,200003495,Autumn Winter Men Women Essentials Printing Hooded Sweatshirt Suit Couple Jogging Sweatshirts Oversized Streetwear Tracksuit,1005003794770858,https://ae01.alicdn.com/kf/S43f110c9b039474297a0f9c8a6d35fcbq/Autumn-Winter-Men-Women-Essentials-Printing-Hooded-Sweatshirt-Suit-Couple-Jogging-Sweatshirts-Oversized-Streetwear-Tracksuit.jpg_220x220.jpg,"https://ae04.alicdn.com/kf/S43f110c9b039474297a0f9c8a6d35fcbq.jpg,https://ae04.alicdn.com/kf/S93677434065e4bf888d6f1b6e69011e5r.jpg,https://ae04.alicdn.com/kf/Sde4ba6a7254945768947c298991c9486f.jpg,https://ae04.alicdn.com/kf/S21faf2809a74419daba3a9966ce16788M.jpg,https://ae04.alicdn.com/kf/Sec768fdc6f5f4ab68f39d12c81ec734aQ.jpg,",https://www.aliexpress.com/item/1005003794770858.html,24.46,14.43,9.00%,,41%,https://s.click.aliexpress.com/e/_9hVrXS
Men's Sets,200003495,4 Seasons Soccer Sports Uniform Sets Men's And Women's Adult Kids Sets Polyester T-shirt Short Sleeve Set Training Contest Suit,1005003795775483,https://ae01.alicdn.com/kf/Hc1f5e4cb2cbb452cae6bacb892d49ce3B/4-Seasons-Soccer-Sports-Uniform-Sets-Men-s-And-Women-s-Adult-Kids-Sets-Polyester-T.jpg_220x220.jpg,"https://ae04.alicdn.com/kf/Hc1f5e4cb2cbb452cae6bacb892d49ce3B.jpg,https://ae04.alicdn.com/kf/H6e266ad098c64127a01a8fb37e01a084w.jpg,https://ae04.alicdn.com/kf/H83c93ffc035c42f0a5944c42b18c3cd4E.jpg,https://ae04.alicdn.com/kf/H184e180120bb4dd3a8f2c760c808c2f4h.jpg,https://ae04.alicdn.com/kf/Hb26e77a127d94ffeab3264e375fa8402k.jpg,",https://www.aliexpress.com/item/1005003795775483.html,29.99,13.80,9.00%,,54%,https://s.click.aliexpress.com/e/_9RCSfQ
Men's Sets,200003495,Mens Fashion Zip up Jackets+Sweatpants Two Piece Set Casual Sports Jogging Suits Couples Fitness Tracksuit set sweatshirts homme,1005003754674956,https://ae01.alicdn.com/kf/S68206175eb5242bc87a322e079c2c984c/Mens-Fashion-Zip-up-Jackets-Sweatpants-Two-Piece-Set-Casual-Sports-Jogging-Suits-Couples-Fitness-Tracksuit.jpg_220x220.jpg,"https://ae04.alicdn.com/kf/S68206175eb5242bc87a322e079c2c984c.jpg,https://ae04.alicdn.com/kf/Sf9b7d08f16104513a28644cd16a73992c.jpg,https://ae04.alicdn.com/kf/S10c47ebb7b134bb8820737052ae5d2c8l.jpg,https://ae04.alicdn.com/kf/S65d7ad71191e42f8861be9519053ee3aR.jpg,https://ae04.alicdn.com/kf/S93dd61ae57b04904b47883f522f10001E.jpg,",https://www.aliexpress.com/item/1005003754674956.html,87.19,35.75,9.00%,,59%,https://s.click.aliexpress.com/e/_9vhdoM
Men's Sets,200003495,Men's Letter Print Tie Dye T-shirt And Shorts Set Korean Fashion Loose Short-sleeved Tee Tops Casual Two-piece sports suit,1005003764633851,https://ae01.alicdn.com/kf/Sbc05baaceb6748efae9e6b35d59a1ae8U/Men-s-Letter-Print-Tie-Dye-T-shirt-And-Shorts-Set-Korean-Fashion-Loose-Short-sleeved.jpg_220x220.jpg,"https://ae04.alicdn.com/kf/Sbc05baaceb6748efae9e6b35d59a1ae8U.jpg,https://ae04.alicdn.com/kf/Sd2ea1763ddfc45bba3c3c908f206d74eo.jpg,https://ae04.alicdn.com/kf/S6d2bb7a1439b4399aca40cb75d5d2972c.jpg,https://ae04.alicdn.com/kf/S73fdae0587a74ab19e73a5156cfc3520b.jpg,https://ae04.alicdn.com/kf/S83f85bce98374130b28a7fa0a632fb35p.jpg,",https://www.aliexpress.com/item/1005003764633851.html,39.58,16.23,9.00%,,59%,https://s.click.aliexpress.com/e/_ANXaeU
Men's Sets,200003495,Summer Training Contest Soccer Sports Uniform Sets Men's And Women's Adult Kids Sets 2022 New T-shirt Set Breathable Polyester,1005003796648021,https://ae01.alicdn.com/kf/H9acfb06ee5e14c249e18142cc1da8332N/Summer-Training-Contest-Soccer-Sports-Uniform-Sets-Men-s-And-Women-s-Adult-Kids-Sets-2022.jpg_220x220.jpg,"https://ae04.alicdn.com/kf/H9acfb06ee5e14c249e18142cc1da8332N.jpg,https://ae04.alicdn.com/kf/H08aea3955a93435e9c838ac1c63a9179Y.jpg,https://ae04.alicdn.com/kf/H50eeb8fcdf3b4e5d871f7601fde057136.jpg,https://ae04.alicdn.com/kf/H9258a4e45b6b441fa8aac3cb98be7ebfl.jpg,https://ae04.alicdn.com/kf/Hb90187b663e2424c9c297ecfba17cd92b.jpg,",https://www.aliexpress.com/item/1005003796648021.html,29.99,13.80,9.00%,,54%,https://s.click.aliexpress.com/e/_9i51mu
Men's Sets,200003495,INCERUN Sexy Leisure Men's Suit 2 Pieces Shirts Long Pants Lace See-though Solid All-match Comfortable Homewear Suits S-5XL 2021,1005003668990569,https://ae01.alicdn.com/kf/H7eef922ac3a24519ac0018685fa7d9f9d/INCERUN-Sexy-Leisure-Men-s-Suit-2-Pieces-Shirts-Long-Pants-Lace-See-though-Solid-All.jpg_220x220.jpg,"https://ae04.alicdn.com/kf/H7eef922ac3a24519ac0018685fa7d9f9d.jpg,https://ae04.alicdn.com/kf/Hbd99cb086c834b559e7fc90dc37e7457r.jpg,https://ae04.alicdn.com/kf/H3f2e67f119564f48b356cdfc85403fdba.jpg,https://ae04.alicdn.com/kf/H4c414e5ab8d14d69991425e7ea0335fdy.jpg,https://ae04.alicdn.com/kf/H6353a9cf92da417c955d784c2d8cdf8db.jpg,",https://www.aliexpress.com/item/1005003668990569.html,31.11,18.35,9.00%,,41%,https://s.click.aliexpress.com/e/_ACY2wU
Men's Sets,200003495,Spring Autumn Men's Two-piece Hooded Sports Suit Fashion Long Sleeve Sweatshirt Suit Casual Men's Clothing Large Size M-4XL,1005003737132132,https://ae01.alicdn.com/kf/S49bc24f0496841b2853d8377321da98bw/Spring-Autumn-Men-s-Two-piece-Hooded-Sports-Suit-Fashion-Long-Sleeve-Sweatshirt-Suit-Casual-Men.jpg_220x220.jpg,"https://ae04.alicdn.com/kf/S49bc24f0496841b2853d8377321da98bw.jpg,https://ae04.alicdn.com/kf/Sae05d08a63fa4046bcc909eec8158c3b6.jpg,https://ae04.alicdn.com/kf/S18f5a86c93b0458c8de5847181d2c49aD.jpg,https://ae04.alicdn.com/kf/Sf26c2f728f8944cf826e1787337422b0o.jpg,https://ae04.alicdn.com/kf/S6e8d4d7678ed47cfa7a21d89d204b102x.jpg,",https://www.aliexpress.com/item/1005003737132132.html,39.58,20.98,9.00%,,47%,https://s.click.aliexpress.com/e/_AT8ZlO
Men's Sets,200003495,Men's Letter Print Zipper Jacket & Flap Pocket Pants Set Casual Sportswear Suit  Trousers Long Sleeve Tracksuit ropa hombre,1005003764164167,https://ae01.alicdn.com/kf/S072da405852447959aa7d8a84658aac5h/Men-s-Letter-Print-Zipper-Jacket-Flap-Pocket-Pants-Set-Casual-Sportswear-Suit-Trousers-Long-Sleeve.jpg_220x220.jpg,"https://ae04.alicdn.com/kf/S072da405852447959aa7d8a84658aac5h.jpg,https://ae04.alicdn.com/kf/Sc13abc7ca1ce46179a2b004564620150b.jpg,https://ae04.alicdn.com/kf/Sa6763c81dc6e467a98d8a0c8626e47e9U.jpg,https://ae04.alicdn.com/kf/Sf15f7b5cadba43a89ddf96320fe1b2a0J.jpg,https://ae04.alicdn.com/kf/S9d140cca5117454a86e5f8201fb4c345C.jpg,",https://www.aliexpress.com/item/1005003764164167.html,47.00,19.27,9.00%,,59%,https://s.click.aliexpress.com/e/_9j7MDS
Men's Sets,200003495,INCERUN 2021 American Style Men's Fashion All-match Striped Short-sleeved Shirts Five-point Pants Casual Streetwear Suits S-5XL,1005003687148888,https://ae01.alicdn.com/kf/Hc6de031f4d6c4acf93d7426e9abf8d5b9/INCERUN-2021-American-Style-Men-s-Fashion-All-match-Striped-Short-sleeved-Shirts-Five-point-Pants.jpg_220x220.jpg,"https://ae04.alicdn.com/kf/Hc6de031f4d6c4acf93d7426e9abf8d5b9.jpg,https://ae04.alicdn.com/kf/Hb54928b2a64349d6ae9c8d99b2b969f07.jpg,https://ae04.alicdn.com/kf/H00c821eb8d454c3e9ac54157b003eb37f.jpg,https://ae04.alicdn.com/kf/Hae07c368ba5a445e8134fdf85db90b3bV.jpg,https://ae04.alicdn.com/kf/Hc7a9f8dc00424ffaaf1e2dfc75caf74aM.jpg,",https://www.aliexpress.com/item/1005003687148888.html,26.84,15.84,9.00%,,41%,https://s.click.aliexpress.com/e/_AbmXpQ
Men's Sets,200003495,Men Contrast Sideseam Tee and Drawstring Waist Joggers Shorts Pants Set Summer Quick-drying Breathable sportswear Tshirts Suits,1005003759794310,https://ae01.alicdn.com/kf/S3f7f46f8d17b452b945a237b59054123l/Men-Contrast-Sideseam-Tee-and-Drawstring-Waist-Joggers-Shorts-Pants-Set-Summer-Quick-drying-Breathable-sportswear.jpg_220x220.jpg,"https://ae04.alicdn.com/kf/S3f7f46f8d17b452b945a237b59054123l.jpg,https://ae04.alicdn.com/kf/S8c1071c110e84f0eb666ff45c918699d3.jpg,https://ae04.alicdn.com/kf/S6b651e75e11e486d95e7a406174fef45D.jpg,https://ae04.alicdn.com/kf/S7d5867c7add44588823a3000a64cdc6cr.jpg,https://ae04.alicdn.com/kf/S035869e1cae547cc91f181e5d193f1a6C.jpg,",https://www.aliexpress.com/item/1005003759794310.html,38.49,15.78,9.00%,,59%,https://s.click.aliexpress.com/e/_AD4osu
Men's Sets,200003495,Men Hoodie Pants Outfit Color Block Casual Tie-Dye Fashion Stylish Chic Streetwear Spring Autumn Travel Holiday Outwear Clothing,1005003795738326,https://ae01.alicdn.com/kf/Sd46ec76e0a2046ff98e1f1320b4724657/Men-Hoodie-Pants-Outfit-Color-Block-Casual-Tie-Dye-Fashion-Stylish-Chic-Streetwear-Spring-Autumn-Travel.jpg_220x220.jpg,"https://ae04.alicdn.com/kf/Sd46ec76e0a2046ff98e1f1320b4724657.jpg,https://ae04.alicdn.com/kf/S9b31320361f644c3bb207c5dc35c3b85m.jpg,",https://www.aliexpress.com/item/1005003795738326.html,79.93,31.97,12.00%,,60%,https://s.click.aliexpress.com/e/_AUsWZi
Men's Sets,200003495,Men Summer Tracksuit Short Sleeve T-shirt Loose Pants Suit Solid Color Two Piece Set Lounge Clothing,1005003437646797,https://ae01.alicdn.com/kf/Ha6692a3db9e24491aa442448e75b985bN/Men-Summer-Tracksuit-Short-Sleeve-T-shirt-Loose-Pants-Suit-Solid-Color-Two-Piece-Set-Lounge.jpg_220x220.jpg,"https://ae04.alicdn.com/kf/Ha6692a3db9e24491aa442448e75b985bN.jpg,https://ae04.alicdn.com/kf/Hf1da62cf2ec047f1b6fabf9550a1eb603.jpg,https://ae04.alicdn.com/kf/H48bedab3b12d4b20a03a6d3ccaf8d180M.jpg,https://ae04.alicdn.com/kf/H56d5f6ebce11492c9235eaca9ce653a2K.jpg,",https://www.aliexpress.com/item/1005003437646797.html,16.02,7.85,11.50%,,51%,https://s.click.aliexpress.com/e/_98vHU4
Men's Sets,200003495,2022 New Soccer Sports Uniform Sets Men's And Women's Adult Kids Sets Polyester PRINT BRAND T-SHIRT SET Training Contest Suit,1005003795052894,https://ae01.alicdn.com/kf/H0425950db3ee436ca196053eb52cb751v/2022-New-Soccer-Sports-Uniform-Sets-Men-s-And-Women-s-Adult-Kids-Sets-Polyester-PRINT.jpg_220x220.jpg,"https://ae04.alicdn.com/kf/H0425950db3ee436ca196053eb52cb751v.jpg,https://ae04.alicdn.com/kf/Hf35259e1d03c4b5b969fc24445a7f092K.jpg,https://ae04.alicdn.com/kf/Hc6cfbb9563db4c78981cea6f85db4back.jpg,https://ae04.alicdn.com/kf/H9d9d5c9b078247fd8b65553bcb628f2bA.jpg,https://ae04.alicdn.com/kf/H640f0ebd28f24eff94b0afcaba8d35afW.jpg,",https://www.aliexpress.com/item/1005003795052894.html,29.99,13.80,9.00%,,54%,https://s.click.aliexpress.com/e/_A4fqRq
Men's Sets,200003495,Flash Deal Newborn Long-sleeved Boy Baby Clothes Letter Printing Girls Boys Family Matching Clothing Jumpsuits,1005003604897011,https://ae01.alicdn.com/kf/Hb264c3c9adb440e3b8bffd6baebf4e596/Flash-Deal-Newborn-Long-sleeved-Boy-Baby-Clothes-Letter-Printing-Girls-Boys-Family-Matching-Clothing-Jumpsuits.png_220x220.png,"https://ae04.alicdn.com/kf/Hb264c3c9adb440e3b8bffd6baebf4e596.png,https://ae04.alicdn.com/kf/H1feb7917bba74663895488575212890fK.png,https://ae04.alicdn.com/kf/Hffba5ac6eb3f4fd3bb3d0e13cd98dce8d.jpg,https://ae04.alicdn.com/kf/Hf262299f6e744209a0736be2a6eab224q.jpg,https://ae04.alicdn.com/kf/Hbf029fd9cda247c7a99d03b89a445e7aO.jpg,",https://www.aliexpress.com/item/1005003604897011.html,11.38,4.55,16.00%,,60%,https://s.click.aliexpress.com/e/_Afj92o
Men's Sets,200003495,Summer Soccer Sports Uniform Sets Men's And Women's Adult Kids Sets 2022 T-shirt Set Polyester Breathable Training Contest Suit,1005003795957484,https://ae01.alicdn.com/kf/H129c7dc25cdb4360a3624c6e746e5d3bE/Summer-Soccer-Sports-Uniform-Sets-Men-s-And-Women-s-Adult-Kids-Sets-2022-T-shirt.png_220x220.png,"https://ae04.alicdn.com/kf/H129c7dc25cdb4360a3624c6e746e5d3bE.png,https://ae04.alicdn.com/kf/Hed528598c0ef46659f58daadc5bfe48b2.png,https://ae04.alicdn.com/kf/H5d6378a074864ab6a42526c0fbd4f1dff.png,https://ae04.alicdn.com/kf/H138a0a710bbf49b593c5b567365fe6afh.png,https://ae04.alicdn.com/kf/H726581af311a44689f14e81048f3611dd.png,",https://www.aliexpress.com/item/1005003795957484.html,29.99,13.80,9.00%,,54%,https://s.click.aliexpress.com/e/_9wNa8g
Men's Sets,200003495,INCERUN New Men's Casual Streetwear Style Vests Shorts Suits Male All-match Simple Solid Comfortable Two-piece Suits S-5XL 2021,1005003688861168,https://ae01.alicdn.com/kf/H1fb8fe9f0d23485b8a175cbda1382133E/INCERUN-New-Men-s-Casual-Streetwear-Style-Vests-Shorts-Suits-Male-All-match-Simple-Solid-Comfortable.jpg_220x220.jpg,"https://ae04.alicdn.com/kf/H1fb8fe9f0d23485b8a175cbda1382133E.jpg,https://ae04.alicdn.com/kf/H401bf0bb5af84b0793fca9e316fe63451.jpg,https://ae04.alicdn.com/kf/H9e8fefd53bed49f3b010e4f7efb6ca1cP.jpg,https://ae04.alicdn.com/kf/Hea053b120a344ee98b3b885452006e38V.jpg,https://ae04.alicdn.com/kf/H4039b5ab34ee4ffcb48cb927f3a7e0d2x.jpg,",https://www.aliexpress.com/item/1005003688861168.html,28.17,16.62,9.00%,,41%,https://s.click.aliexpress.com/e/_ADQlHm
Men's Sets,200003495,Mens Solid Round Neck Sweatshirt+Sweatpants Plus size Two piece sets Casual Pullover Long-sleeved Velvet Tracksuit Clothing,1005003763596979,https://ae01.alicdn.com/kf/S5216ed577475453c996746b465c95552v/Mens-Solid-Round-Neck-Sweatshirt-Sweatpants-Plus-size-Two-piece-sets-Casual-Pullover-Long-sleeved-Velvet.jpg_220x220.jpg,"https://ae04.alicdn.com/kf/S5216ed577475453c996746b465c95552v.jpg,https://ae04.alicdn.com/kf/Se9cd6bfc7f9240f59d6ebd8639bc5b2bM.jpg,https://ae04.alicdn.com/kf/S2966034472d9422a977c822b3b0770aez.jpg,https://ae04.alicdn.com/kf/S9403e9f47f2d4fdf9eaef7bf368e886db.jpg,",https://www.aliexpress.com/item/1005003763596979.html,16.44,7.23,9.00%,,56%,https://s.click.aliexpress.com/e/_AofiKM
Men's Sets,200003495,Autumn and winter men's sportswear 2021 new fashion hoodie pants two-piece jogging suit sportswear men's zipper jacket,1005003592101371,https://ae01.alicdn.com/kf/H91d2758090564e9bb7d8a4d958972118K/Autumn-and-winter-men-s-sportswear-2021-new-fashion-hoodie-pants-two-piece-jogging-suit-sportswear.jpg_220x220.jpg,"https://ae04.alicdn.com/kf/H91d2758090564e9bb7d8a4d958972118K.jpg,https://ae04.alicdn.com/kf/Ha5ab6056a9ce42bd939085e5c48bde60T.jpg,https://ae04.alicdn.com/kf/Ha48c61d71afe470f8f8258d790725ffay.jpg,https://ae04.alicdn.com/kf/Hafc164dab3cb4334bd90be5ae4f997fe4.jpg,https://ae04.alicdn.com/kf/H44baaed4514241ba980f02eb94a9fc34K.jpg,",https://www.aliexpress.com/item/1005003592101371.html,41.99,29.39,11.50%,,30%,https://s.click.aliexpress.com/e/_AaSZj6
Men's Sets,200003495,Men Patckwork Colorblock Hoodies and Sweatpants Set Autumn Casual sports suit Plus velvet tracksuit hooded Sweatshirts Clothes,1005003759777464,https://ae01.alicdn.com/kf/Sf7e4e3618fb24c0dae84ee7368b17a83b/Men-Patckwork-Colorblock-Hoodies-and-Sweatpants-Set-Autumn-Casual-sports-suit-Plus-velvet-tracksuit-hooded-Sweatshirts.jpg_220x220.jpg,"https://ae04.alicdn.com/kf/Sf7e4e3618fb24c0dae84ee7368b17a83b.jpg,https://ae04.alicdn.com/kf/S575614a6ef6e49249c5c3f6bd32ab7e1z.jpg,https://ae04.alicdn.com/kf/S71fc47f6e1cd469cbfcf7199a88e9b269.jpg,https://ae04.alicdn.com/kf/S7334f9e757f04d879c5fddb4f85463288.jpg,https://ae04.alicdn.com/kf/Seaa7a2c4221242d6bedfd7762530d22aM.jpg,",https://www.aliexpress.com/item/1005003759777464.html,53.85,22.08,9.00%,,59%,https://s.click.aliexpress.com/e/_AqHL1q
Men's Sets,200003495,Autumn Men's Zipper Sweatshirt And Joggers Pants Set Casual Sportswear jacket Couples Fashion Loose Tracksuit Women Clothes,1005003754566637,https://ae01.alicdn.com/kf/S591575d1827142f5b17683da67f14f25C/Autumn-Men-s-Zipper-Sweatshirt-And-Joggers-Pants-Set-Casual-Sportswear-jacket-Couples-Fashion-Loose-Tracksuit.jpg_220x220.jpg,"https://ae04.alicdn.com/kf/S591575d1827142f5b17683da67f14f25C.jpg,https://ae04.alicdn.com/kf/S1d0dc1fafdbd4bbbb88144a7110867e29.jpg,https://ae04.alicdn.com/kf/S9aef146cbded405dadd93db3f1c3a4efB.jpg,https://ae04.alicdn.com/kf/Sc891fae71bca419c8d6415f759797c63S.jpg,https://ae04.alicdn.com/kf/S02dad7410f5e43fd92dc64b4a67e7aceq.jpg,",https://www.aliexpress.com/item/1005003754566637.html,89.20,36.57,9.00%,,59%,https://s.click.aliexpress.com/e/_9RI8rq
Men's Sets,200003495,INCERUN Comfortable Homewear Long Sleeve Long Pants Sets New Men's Sexy Short Sexy Leisure Irregular Two-Piece Pants Sets S-5XL,1005003687745832,https://ae01.alicdn.com/kf/H692301ec77ff4ae8915cda2e05b88e94u/INCERUN-Comfortable-Homewear-Long-Sleeve-Long-Pants-Sets-New-Men-s-Sexy-Short-Sexy-Leisure-Irregular.jpg_220x220.jpg,"https://ae04.alicdn.com/kf/H692301ec77ff4ae8915cda2e05b88e94u.jpg,https://ae04.alicdn.com/kf/H8ed13822023f477a96057e83ecee53803.jpg,https://ae04.alicdn.com/kf/He0c64c8588564bb9a2f12cc25856e154L.jpg,https://ae04.alicdn.com/kf/H567935db2d7f48589613fc32a8093f4bi.jpg,https://ae04.alicdn.com/kf/H926d434b28bf4a64bd600fa1a406d280G.jpg,",https://www.aliexpress.com/item/1005003687745832.html,29.02,17.12,9.00%,,41%,https://s.click.aliexpress.com/e/_AMxcYo
Men's Sets,200003495,Men Hoodie Pants Outfit Color Block Casual Tie-Dye Fashion Stylish Chic Streetwear Spring Autumn Travel Holiday Outwear Clothing,1005003795641819,https://ae01.alicdn.com/kf/Sb8f948a5da6d415f9868fd5d4bba68dcD/Men-Hoodie-Pants-Outfit-Color-Block-Casual-Tie-Dye-Fashion-Stylish-Chic-Streetwear-Spring-Autumn-Travel.jpg_220x220.jpg,"https://ae04.alicdn.com/kf/Sb8f948a5da6d415f9868fd5d4bba68dcD.jpg,https://ae04.alicdn.com/kf/Sd603ac36036547fbae59121eeafc37faL.jpg,",https://www.aliexpress.com/item/1005003795641819.html,79.93,31.97,12.00%,,60%,https://s.click.aliexpress.com/e/_98nuBQ
Men's Sets,200003495,2021 Fall Winter Formula One Driver Lando Norris F1 McLaren Racing Fan Hoodie Team Logo Men's/Women's Super Dalian Hoodie Set,1005003795036169,https://ae01.alicdn.com/kf/S9d4a3cb665354fbe8701556791a945cf5/2021-Fall-Winter-Formula-One-Driver-Lando-Norris-F1-McLaren-Racing-Fan-Hoodie-Team-Logo-Men.jpg_220x220.jpg,"https://ae04.alicdn.com/kf/S9d4a3cb665354fbe8701556791a945cf5.jpg,https://ae04.alicdn.com/kf/Sc87f51f2ae7142838821d693f17fc07d4.jpg,https://ae04.alicdn.com/kf/Se506ae4294ed42fe8fbe8f104fbcc611C.jpg,https://ae04.alicdn.com/kf/S19f23df38f02458abd7f85fa50b2554a9.jpg,https://ae04.alicdn.com/kf/Sed50380bc10b4741b18395f5121b96f3Z.jpg,",https://www.aliexpress.com/item/1005003795036169.html,38.98,20.66,10.00%,,47%,https://s.click.aliexpress.com/e/_ABuD5m
Men's Sets,200003495,Men Letter Graphic Print Top & Track Shorts Set Summer Casual sports two-piece suit Plus size Anime harajuku Fashion T-shirts,1005003758068228,https://ae01.alicdn.com/kf/S435ad4d08a054a11bf2627e106b8992an/Men-Letter-Graphic-Print-Top-Track-Shorts-Set-Summer-Casual-sports-two-piece-suit-Plus-size.jpg_220x220.jpg,"https://ae04.alicdn.com/kf/S435ad4d08a054a11bf2627e106b8992an.jpg,https://ae04.alicdn.com/kf/Sc1dc3abe2540498485c3c93da97440ecl.jpg,https://ae04.alicdn.com/kf/Sc653926b9a904883a0a50412ae9e1340F.jpg,https://ae04.alicdn.com/kf/S5857a224f4d349f481b2bdb803effb3fi.jpg,https://ae04.alicdn.com/kf/S85deff1bd94e44e892d186d71a310fe9u.jpg,",https://www.aliexpress.com/item/1005003758068228.html,40.45,16.58,9.00%,,59%,https://s.click.aliexpress.com/e/_ASyPWC
Men's Sets,200003495,Men Solid Color Zipper Jacket And Sweatpants Two-piece suits Autumn Cardigan Casual Sports Set Sweatshirts homme Tracksuit,1005003763057463,https://ae01.alicdn.com/kf/S285a29fa437f41b79c81c845b5837937s/Men-Solid-Color-Zipper-Jacket-And-Sweatpants-Two-piece-suits-Autumn-Cardigan-Casual-Sports-Set-Sweatshirts.jpg_220x220.jpg,"https://ae04.alicdn.com/kf/S285a29fa437f41b79c81c845b5837937s.jpg,https://ae04.alicdn.com/kf/S0225d65f83424b4caf03265580694fa6k.jpg,https://ae04.alicdn.com/kf/S4208888b81ce4b50a30034b7d5e2a80er.jpg,",https://www.aliexpress.com/item/1005003763057463.html,50.69,20.78,9.00%,,59%,https://s.click.aliexpress.com/e/_AntJPi
Men's Sets,200003495,INCERUN Korean Style Men's Sleeveless Vests Shorts Suits Solid Color Comfortable Casual Streetwear All-match Suit 2 Pieces S-5XL,1005003688672994,https://ae01.alicdn.com/kf/Ha4164d55367e4ca388b93231642720a6H/INCERUN-Korean-Style-Men-s-Sleeveless-Vests-Shorts-Suits-Solid-Color-Comfortable-Casual-Streetwear-All-match.jpg_220x220.jpg,"https://ae04.alicdn.com/kf/Ha4164d55367e4ca388b93231642720a6H.jpg,https://ae04.alicdn.com/kf/H44a8c8db8a9f45cf9ec21614131df6c55.jpg,https://ae04.alicdn.com/kf/Hcaee5789d34e4918a525603659a8315cE.jpg,https://ae04.alicdn.com/kf/Hd8f331856cf646389d11d4d5d1a73673E.jpg,https://ae04.alicdn.com/kf/H5a46484c795d4c3f9086c26434cc6b233.jpg,",https://www.aliexpress.com/item/1005003688672994.html,32.44,19.14,9.00%,,41%,https://s.click.aliexpress.com/e/_9iRO7m
Men's Sets,200003495,Men Tracksuit 2 PCS Set Spring Autumn Sport Suit Male Sportswear  Hooded Jacket Casual Colorblock Pants Set Sweatshirt Outfit,1005003796211067,https://ae01.alicdn.com/kf/U08c2181d0aae41c79b8e3573f6dac568a/Men-Tracksuit-2-PCS-Set-Spring-Autumn-Sport-Suit-Male-Sportswear-Hooded-Jacket-Casual-Colorblock-Pants.jpg_220x220.jpg,"https://ae04.alicdn.com/kf/U08c2181d0aae41c79b8e3573f6dac568a.jpg,https://ae04.alicdn.com/kf/U78d34bee0f8d4d2f93e1959363bfeef2J.jpg,https://ae04.alicdn.com/kf/Ub076e9078fa94f26843362a3b291d9bd3.jpg,https://ae04.alicdn.com/kf/Ud1b5f8de54f04d49b711fb5984766df5t.jpg,https://ae04.alicdn.com/kf/U8a69d75d6204402d803aadf7fa9425046.jpg,",https://www.aliexpress.com/item/1005003796211067.html,40.58,20.29,9.00%,,50%,https://s.click.aliexpress.com/e/_AodGyC
Men's Sets,200003495,Essentials Printing Hooded Sweatshirt Suit Couple Autumn Winter Men Women Jogging Sweatshirts Oversized Streetwear Tracksuit,1005003794884421,https://ae01.alicdn.com/kf/Sde4ba6a7254945768947c298991c9486f/Essentials-Printing-Hooded-Sweatshirt-Suit-Couple-Autumn-Winter-Men-Women-Jogging-Sweatshirts-Oversized-Streetwear-Tracksuit.jpg_220x220.jpg,"https://ae04.alicdn.com/kf/Sde4ba6a7254945768947c298991c9486f.jpg,https://ae04.alicdn.com/kf/Sec768fdc6f5f4ab68f39d12c81ec734aQ.jpg,https://ae04.alicdn.com/kf/S43f110c9b039474297a0f9c8a6d35fcbq.jpg,https://ae04.alicdn.com/kf/S93677434065e4bf888d6f1b6e69011e5r.jpg,https://ae04.alicdn.com/kf/S21faf2809a74419daba3a9966ce16788M.jpg,",https://www.aliexpress.com/item/1005003794884421.html,25.00,14.75,9.00%,,41%,https://s.click.aliexpress.com/e/_A7Elna
Men's Sets,200003495,2022 Spring Autumn Winter New Siksilk Letter Printing Hooded Suit Men's Casual Fashion Cardigan Two-piece Men's Zipper Jacket,1005003794124525,https://ae01.alicdn.com/kf/S117588d9b71a4e22998d003afbb3557b0/2022-Spring-Autumn-Winter-New-Siksilk-Letter-Printing-Hooded-Suit-Men-s-Casual-Fashion-Cardigan-Two.jpg_220x220.jpg,"https://ae04.alicdn.com/kf/S117588d9b71a4e22998d003afbb3557b0.jpg,https://ae04.alicdn.com/kf/Sdb3b14a1ba194cbe9ad276eba8329774N.jpg,https://ae04.alicdn.com/kf/Se5600348c87b42c9a11e74723d56e5ebZ.jpg,https://ae04.alicdn.com/kf/Sa812a1de84944aaf9aed8973193a4791M.jpg,https://ae04.alicdn.com/kf/Sb33bc38377aa49f9ba73b3a75df34070b.jpg,",https://www.aliexpress.com/item/1005003794124525.html,54.88,25.24,9.00%,,54%,https://s.click.aliexpress.com/e/_Ar0SxI
Men's Sets,200003495,Men's Gentleman Suit Men's zipper suit 3D Printed Plaid Fashion Suit Men's Hoodie Set Men's Sweater + Pants Set Men's jacket set,1005003793700246,https://ae01.alicdn.com/kf/H1fcdde33478a45f7b8e999145da638456/Men-s-Gentleman-Suit-Men-s-zipper-suit-3D-Printed-Plaid-Fashion-Suit-Men-s-Hoodie.jpg_220x220.jpg,"https://ae04.alicdn.com/kf/H1fcdde33478a45f7b8e999145da638456.jpg,https://ae04.alicdn.com/kf/H384667f534ff4617a93919835486967ez.jpg,https://ae04.alicdn.com/kf/Hc11d817610574e1c934d5db3ace8ae805.jpg,https://ae04.alicdn.com/kf/Ha5cee4059e564fc78593435d96abbf69p.jpg,https://ae04.alicdn.com/kf/Hbe5a1f15451a4c5f962df3d13d92a232R.jpg,",https://www.aliexpress.com/item/1005003793700246.html,39.69,28.97,12.50%,,27%,https://s.click.aliexpress.com/e/_ApKvGy
Men's Sets,200003495,2021 New Jacket + Pants Men Tracksuit Moda Hombre Fashion Printing Men's Set Spring Men's Sports Suit 2 Piece Sets Plus,1005003606504509,https://ae01.alicdn.com/kf/H6cf46555d42f471eafea28e06c47fa1aK/2021-New-Jacket-Pants-Men-Tracksuit-Moda-Hombre-Fashion-Printing-Men-s-Set-Spring-Men-s.jpg_220x220.jpg,"https://ae04.alicdn.com/kf/H6cf46555d42f471eafea28e06c47fa1aK.jpg,https://ae04.alicdn.com/kf/Hdcc1bf154a1d4b57b1d38299678f45c7b.jpg,https://ae04.alicdn.com/kf/H9d3500e7226f463782eb2fdae52a42c0I.jpg,https://ae04.alicdn.com/kf/H09b81e17d6d14b919a33aadadcdbd720k.jpg,https://ae04.alicdn.com/kf/H904085bf25034300a1b0a15e0459aa02v.jpg,",https://www.aliexpress.com/item/1005003606504509.html,57.29,29.22,30.00%,,49%,https://s.click.aliexpress.com/e/_AoAysY
Men's Sets,200003495,2022 Spring Autumn New Toyota Logo Hooded Sports Suit Men's Brand Design High-end Stitching Zipper Baseball Uniform Men's Hoodie,1005003794103662,https://ae01.alicdn.com/kf/S1f99ee89874a4d00886bb0ef7bf7a133s/2022-Spring-Autumn-New-Toyota-Logo-Hooded-Sports-Suit-Men-s-Brand-Design-High-end-Stitching.jpg_220x220.jpg,"https://ae04.alicdn.com/kf/S1f99ee89874a4d00886bb0ef7bf7a133s.jpg,https://ae04.alicdn.com/kf/Seca8116491244196ab36f7085387dbec2.jpg,https://ae04.alicdn.com/kf/S06784344119f4895bd10e4988acd70e3y.jpg,https://ae04.alicdn.com/kf/S3c7fb9c6be47401d81e15aff01e80ef52.jpg,https://ae04.alicdn.com/kf/S5c01cb9ccb6046fd9eacc8a2a456e85du.jpg,",https://www.aliexpress.com/item/1005003794103662.html,54.01,24.84,9.00%,,54%,https://s.click.aliexpress.com/e/_AO2D1e
Men's Sets,200003495,New Fashion Jackets Men Tracksuit Sets Mens set Colorful Plaid Men Casual Zipper Set Autumn Tracksuit Set Male Sweatshirt Pocket,1005003224353444,https://ae01.alicdn.com/kf/H28d67863655b465b88692b401eee2924B/New-Fashion-Jackets-Men-Tracksuit-Sets-Mens-set-Colorful-Plaid-Men-Casual-Zipper-Set-Autumn-Tracksuit.jpg_220x220.jpg,"https://ae04.alicdn.com/kf/H28d67863655b465b88692b401eee2924B.jpg,https://ae04.alicdn.com/kf/H33e6c9d1dbb74713bc441f2d1c931cd9Z.jpg,https://ae04.alicdn.com/kf/H51117cc21223478a893ea76120416f67v.jpg,https://ae04.alicdn.com/kf/H57ec860c4a2d494d91647a82a2c60e7bx.jpg,https://ae04.alicdn.com/kf/H3342da24b01c4c3e96ef96f89d40d6feD.jpg,",https://www.aliexpress.com/item/1005003224353444.html,59.69,28.65,12.50%,,52%,https://s.click.aliexpress.com/e/_A7j4ZS
Men's Sets,200003495,Plaid Suit European American Men's Casual Sportswear Autumn New Stand-Up Collar Zip Cardigan Jacket+Fashion Trousers Grid Suits,1005003224318828,https://ae01.alicdn.com/kf/H3753c8a4bedd42a49af63138d5a734608/Plaid-Suit-European-American-Men-s-Casual-Sportswear-Autumn-New-Stand-Up-Collar-Zip-Cardigan-Jacket.jpg_220x220.jpg,"https://ae04.alicdn.com/kf/H3753c8a4bedd42a49af63138d5a734608.jpg,https://ae04.alicdn.com/kf/Hc8cc8aaf5715443f86a101144b849666Q.jpg,https://ae04.alicdn.com/kf/H47795472213148e693606a4968f091b3J.jpg,https://ae04.alicdn.com/kf/Hc2bc5ba3294c43b7867dd77ec44d263dU.jpg,https://ae04.alicdn.com/kf/H02bb8521e4f54bec94cbc9aac30ab2a40.jpg,",https://www.aliexpress.com/item/1005003224318828.html,59.69,32.23,12.50%,,46%,https://s.click.aliexpress.com/e/_AgOG8g
Men's Sets,200003495,New Spring Autumn Travis Scotts Hip Hop Hoodies Cactus Jack Swag Print Funny Women Men Hooded Sweatshirt  Casual Pullover +Pants,1005003625567069,https://ae01.alicdn.com/kf/H20b0deb53ded408f8fa1f99e913a0b57V/New-Spring-Autumn-Travis-Scotts-Hip-Hop-Hoodies-Cactus-Jack-Swag-Print-Funny-Women-Men-Hooded.jpg_220x220.jpg,"https://ae04.alicdn.com/kf/H20b0deb53ded408f8fa1f99e913a0b57V.jpg,https://ae04.alicdn.com/kf/H3c444c80ca2b47b1bf7bb69ac5ba01b8f.jpg,https://ae04.alicdn.com/kf/H99c9e5d8259349739a471e38b7e8e37eo.jpg,https://ae04.alicdn.com/kf/H64be0425bd2b474c9c584a771839b0b2p.jpg,https://ae04.alicdn.com/kf/He4453dd8c27b45e8b9a5cdf120c4f2daw.jpg,",https://www.aliexpress.com/item/1005003625567069.html,44.83,22.41,12.00%,,50%,https://s.click.aliexpress.com/e/_9RHI5S
Men's Sets,200003495,Fall 3D Plaid Print Men's Suit Sport Casual Suits Men's Stylish British Set Style Gentleman's Jacket Tie UP Trousers Two Pieces,1005003224415157,https://ae01.alicdn.com/kf/He31ae2609a3645c5bfc1c4954ad39864v/Fall-3D-Plaid-Print-Men-s-Suit-Sport-Casual-Suits-Men-s-Stylish-British-Set-Style.jpg_220x220.jpg,"https://ae04.alicdn.com/kf/He31ae2609a3645c5bfc1c4954ad39864v.jpg,https://ae04.alicdn.com/kf/H7eac943a4f544ba39985f4f03a446b4aH.jpg,https://ae04.alicdn.com/kf/Hb471f5b8de3a48e4ba3f764cca1b3c33l.jpg,https://ae04.alicdn.com/kf/H509cedb5eac64446804e6a9df9ca00fen.jpg,https://ae04.alicdn.com/kf/Hbd446b3c3eaa498c84e615b9612e1320J.jpg,",https://www.aliexpress.com/item/1005003224415157.html,69.99,32.90,12.50%,,53%,https://s.click.aliexpress.com/e/_AocQw4
Men's Sets,200003495,Men's Jacket Set Men's Fitness Suit 3D Printed Plaid Fashion Suit Men's zipper Suit Men's Sweater + Pants Set Men's Hoodie Set,1005003793750214,https://ae01.alicdn.com/kf/H01812005ded04c16aba2b71fe736b78aN/Men-s-Jacket-Set-Men-s-Fitness-Suit-3D-Printed-Plaid-Fashion-Suit-Men-s-zipper.jpg_220x220.jpg,"https://ae04.alicdn.com/kf/H01812005ded04c16aba2b71fe736b78aN.jpg,https://ae04.alicdn.com/kf/Hb92ae42b29e74ad7aad39a73488cca02s.jpg,https://ae04.alicdn.com/kf/H2df6928170034c5692cee1e0ff0a63eef.jpg,https://ae04.alicdn.com/kf/Ha151a7e0ba324345a76102e4e2d258c6H.jpg,https://ae04.alicdn.com/kf/H46d7babf300542b6bbb22b52a22baa64G.jpg,",https://www.aliexpress.com/item/1005003793750214.html,50.69,29.40,12.50%,,42%,https://s.click.aliexpress.com/e/_98uRS0
Men's Sets,200003495,Muscle Brother Sport Suits European American Trends 3D Print Fitness Zipper Hoodies Sweatpants Slim Casual Fashion Tracksuits,1005003224322868,https://ae01.alicdn.com/kf/H18b269e1033c4225a37f2ed639f4e682O/Muscle-Brother-Sport-Suits-European-American-Trends-3D-Print-Fitness-Zipper-Hoodies-Sweatpants-Slim-Casual-Fashion.jpg_220x220.jpg,"https://ae04.alicdn.com/kf/H18b269e1033c4225a37f2ed639f4e682O.jpg,https://ae04.alicdn.com/kf/Hb2994cb7644b4be38f71530ccf2fb99fh.jpg,https://ae04.alicdn.com/kf/Hd68fe9b1642a48af9f963d50d8ec64aeD.jpg,https://ae04.alicdn.com/kf/Hf0f0cec24cc7462d931c906f36c66334a.jpg,https://ae04.alicdn.com/kf/H7494037d59f441e3bd620b852335993cz.jpg,",https://www.aliexpress.com/item/1005003224322868.html,59.69,32.23,12.50%,,46%,https://s.click.aliexpress.com/e/_9j6WBA
Men's Sets,200003495,Winter Hot Sale Men's Clothing Men Sets Printing Hoodie Set Fleece Zipper Hooded Sweatshirt + trousers Casual Mens Tracksuit,1005003726814398,https://ae01.alicdn.com/kf/S5bc4827a53be4f8c9f64eeb59f97aa31h/Winter-Hot-Sale-Men-s-Clothing-Men-Sets-Printing-Hoodie-Set-Fleece-Zipper-Hooded-Sweatshirt-trousers.jpg_220x220.jpg,"https://ae04.alicdn.com/kf/S5bc4827a53be4f8c9f64eeb59f97aa31h.jpg,https://ae04.alicdn.com/kf/S8ac76402ca5743b4ad37cb88cb101757x.jpg,https://ae04.alicdn.com/kf/S198427207f734bef99133be94d34a8d7l.jpg,https://ae04.alicdn.com/kf/S8868d700048b4840928d7ff9cd0d4d1eE.jpg,https://ae04.alicdn.com/kf/Scbdae3ca523a4374b66ae6e2b7fa222cG.jpg,",https://www.aliexpress.com/item/1005003726814398.html,47.98,23.99,9.00%,,50%,https://s.click.aliexpress.com/e/_AT7jF6
Men's Sets,200003495,Men's Casual Suit Plaid Suit Men's Sportswear Set Men's Sweater + Pants Set Men's Gentleman Suit Men's Fitness Suit 3D Printed,1005003793779581,https://ae01.alicdn.com/kf/H9ed39d00ec4248de89aa5ca0512c597cT/Men-s-Casual-Suit-Plaid-Suit-Men-s-Sportswear-Set-Men-s-Sweater-Pants-Set-Men.jpg_220x220.jpg,"https://ae04.alicdn.com/kf/H9ed39d00ec4248de89aa5ca0512c597cT.jpg,https://ae04.alicdn.com/kf/Hd21c6c81c0c04475a772ee626f7387ffm.jpg,https://ae04.alicdn.com/kf/H1203e1e5311f458dbfab65858e3e1469s.jpg,https://ae04.alicdn.com/kf/H28b6297ff36d403a9ea06de2247950d3t.jpg,https://ae04.alicdn.com/kf/He2bfc391b45f414396fb818cd6967741O.jpg,",https://www.aliexpress.com/item/1005003793779581.html,46.69,29.41,12.50%,,37%,https://s.click.aliexpress.com/e/_A6NtAu
Men's Sets,200003495,Men's New Fashion Fall Spring Sports Suits Sweatshirts Sweatpants Men 2 Pieces Slim Fit Activewear Casual Wear2022,1005003793713217,https://ae01.alicdn.com/kf/S83270d218f304f979a82e21e1b07a7f1U/Men-s-New-Fashion-Fall-Spring-Sports-Suits-Sweatshirts-Sweatpants-Men-2-Pieces-Slim-Fit-Activewear.jpg_220x220.jpg,"https://ae04.alicdn.com/kf/S83270d218f304f979a82e21e1b07a7f1U.jpg,https://ae04.alicdn.com/kf/S507ee9e998824d3390d55d69467df5beu.jpg,https://ae04.alicdn.com/kf/S8d3b134f6cbf4a678ea9f6b45e019432x.jpg,https://ae04.alicdn.com/kf/S81c5aa86908945c4a2745c4387347da1u.jpg,https://ae04.alicdn.com/kf/Sc62d45b3c1664c12ad5dc6f5059e4a46H.jpg,",https://www.aliexpress.com/item/1005003793713217.html,29.98,21.29,9.00%,,29%,https://s.click.aliexpress.com/e/_AZ9oDS
Men's Sets,200003495,Men Sets Tracksuit Plaid Printed Stand-up collar Men's Zipper Jacket Set Grey High street Set Coat+Pants Casual Sportswear Suit,1005003653114594,https://ae01.alicdn.com/kf/Hd9182fdc8d4541e4a7552348cb466a54M/Men-Sets-Tracksuit-Plaid-Printed-Stand-up-collar-Men-s-Zipper-Jacket-Set-Grey-High-street.jpg_220x220.jpg,"https://ae04.alicdn.com/kf/Hd9182fdc8d4541e4a7552348cb466a54M.jpg,https://ae04.alicdn.com/kf/Hbf7c02c9754c4bfd916687a1825d6c4ea.jpg,https://ae04.alicdn.com/kf/H5a202bf040e8475c9b8c2a04634490362.jpg,https://ae04.alicdn.com/kf/H16a9b81c04b54f1086ee9aba726202edT.jpg,https://ae04.alicdn.com/kf/Hdd88e03de381467c8e1a82a20311dba5T.jpg,",https://www.aliexpress.com/item/1005003653114594.html,59.76,29.88,9.00%,,50%,https://s.click.aliexpress.com/e/_9vepg4
Men's Sets,200003495,Jacket For Girls Children Raincoat Waterproof Boys Rain Coats Girls Clothes Outerwear Boy Coats Hooded Kids Clothing 2-6 Years,1005003791787614,https://ae01.alicdn.com/kf/S5ad09444043b4e489699d7c94f12e582p/Jacket-For-Girls-Children-Raincoat-Waterproof-Boys-Rain-Coats-Girls-Clothes-Outerwear-Boy-Coats-Hooded-Kids.jpg_220x220.jpg,"https://ae04.alicdn.com/kf/S5ad09444043b4e489699d7c94f12e582p.jpg,https://ae04.alicdn.com/kf/S1d0b9ee206894856a1e8025686064dbcG.jpg,https://ae04.alicdn.com/kf/Sfbb6f18d66304c4fa8ca421de3a29885g.jpg,",https://www.aliexpress.com/item/1005003791787614.html,31.03,20.79,10.00%,,33%,https://s.click.aliexpress.com/e/_AntbNQ
Men's Sets,200003495,Plaid Suit Men's Tracksuit Spring Autumn Fashion Plaid Tracksuit Casual Two Piece Set Men's Sports Suit Men's Clothing Men Sets,1005003224412001,https://ae01.alicdn.com/kf/He36c1875fa6b469489b9b21c68dbe086L/Plaid-Suit-Men-s-Tracksuit-Spring-Autumn-Fashion-Plaid-Tracksuit-Casual-Two-Piece-Set-Men-s.jpg_220x220.jpg,"https://ae04.alicdn.com/kf/He36c1875fa6b469489b9b21c68dbe086L.jpg,https://ae04.alicdn.com/kf/H0f6189015c744aabb8df3d7a0f9a4e7eK.jpg,https://ae04.alicdn.com/kf/H07c129ed839b4d448ebe1ac5df3184f2U.jpg,https://ae04.alicdn.com/kf/H08863f1763394cd3a182d326cf6a5b19P.jpg,https://ae04.alicdn.com/kf/H28a2247461f04ab283dc21aaea113d431.jpg,",https://www.aliexpress.com/item/1005003224412001.html,59.69,32.23,12.50%,,46%,https://s.click.aliexpress.com/e/_Ablhok
Men's Sets,200003495,sik silk Men Brand New Sets Fashion Autumn Spring Sporting Suit Sweatshirt Sweatpants Mens Clothing 2 Pieces Sets Slim Tracksuit,1005003705807536,https://ae01.alicdn.com/kf/S2ccfd1b949084c3698ca4167f0b40bc1I/sik-silk-Men-Brand-New-Sets-Fashion-Autumn-Spring-Sporting-Suit-Sweatshirt-Sweatpants-Mens-Clothing-2.jpg_220x220.jpg,"https://ae04.alicdn.com/kf/S2ccfd1b949084c3698ca4167f0b40bc1I.jpg,https://ae04.alicdn.com/kf/Hbb983f25bba544719985545ab2b64fb5m.jpg,https://ae04.alicdn.com/kf/Hcc6bfbf11f214c66929bed8f43125677c.jpg,https://ae04.alicdn.com/kf/Hb68e64184401449e8a8bfae7c374c2ebc.jpg,https://ae04.alicdn.com/kf/Hdb7f52bda35d4f3bbd308a4039733d3dm.jpg,",https://www.aliexpress.com/item/1005003705807536.html,40.76,20.38,9.00%,,50%,https://s.click.aliexpress.com/e/_ADzrjK
Men's Sets,200003495,Men's Sweater + Pants Set 3D Printed Plaid Fashion Suit Men's Hoodie Set Men's Jacket Set Men's Sportswear Set Men's Fitness Set,1005003793722573,https://ae01.alicdn.com/kf/H9759e3305e1a49bfa7d16e6a1384b1e2v/Men-s-Sweater-Pants-Set-3D-Printed-Plaid-Fashion-Suit-Men-s-Hoodie-Set-Men-s.jpg_220x220.jpg,"https://ae04.alicdn.com/kf/H9759e3305e1a49bfa7d16e6a1384b1e2v.jpg,https://ae04.alicdn.com/kf/H53887fb5b1ff4da69b09b7943aff683dd.jpg,https://ae04.alicdn.com/kf/Hc5ed6f9d571d40da8e915d958c5227890.jpg,https://ae04.alicdn.com/kf/H84ea8ecf7b634f7e8d230699b04f1934K.jpg,https://ae04.alicdn.com/kf/H03b344042b9e49248e74d2b5e455f7c8S.jpg,",https://www.aliexpress.com/item/1005003793722573.html,42.99,29.23,12.50%,,32%,https://s.click.aliexpress.com/e/_9iQYZK
Men's Sets,200003495,Men's Sportswear Set Men's Jacket  Setmen's Zipper Suit 3D Printed Plaid Fashion Suit Men's Hoodie Set Men's Sweater + Pants Set,1005003793438792,https://ae01.alicdn.com/kf/H3e119eddc73944a48135c55cad3e7d7e5/Men-s-Sportswear-Set-Men-s-Jacket-Setmen-s-Zipper-Suit-3D-Printed-Plaid-Fashion-Suit.jpg_220x220.jpg,"https://ae04.alicdn.com/kf/H3e119eddc73944a48135c55cad3e7d7e5.jpg,https://ae04.alicdn.com/kf/Hbfbc80a1721444cf9e170255e67eeb97H.jpg,https://ae04.alicdn.com/kf/He9b0a0f2168f4ad2b59b7629987ec8bfk.jpg,https://ae04.alicdn.com/kf/H9ab1ba67823a49ca883c7e8b34b675d8a.jpg,https://ae04.alicdn.com/kf/H47f9df370c974fc88d265f13be7c88efX.jpg,",https://www.aliexpress.com/item/1005003793438792.html,49.69,29.32,12.50%,,41%,https://s.click.aliexpress.com/e/_Aa1jhI
Men's Sets,200003495,New 3D Printed Plaid Men's New Gentleman Sportswear Suit Jacket Suit Men's Sportswear Suit Fashionable Plaid Two-Piece Casual,1005003224324732,https://ae01.alicdn.com/kf/He53627a413a8453f8e92278e129ab53fU/New-3D-Printed-Plaid-Men-s-New-Gentleman-Sportswear-Suit-Jacket-Suit-Men-s-Sportswear-Suit.jpg_220x220.jpg,"https://ae04.alicdn.com/kf/He53627a413a8453f8e92278e129ab53fU.jpg,https://ae04.alicdn.com/kf/Hc6e6dd9d0d3c4de29863b06d7bfecee9c.jpg,https://ae04.alicdn.com/kf/H5d046dd5b7c444a0985e4980bf1226bev.jpg,https://ae04.alicdn.com/kf/H261f5cb88d77480eaa1999574f9238e5l.jpg,https://ae04.alicdn.com/kf/H26fba28b419d4d2189e0d54724f2c947L.jpg,",https://www.aliexpress.com/item/1005003224324732.html,59.69,28.65,12.50%,,52%,https://s.click.aliexpress.com/e/_AUrgXQ
Men's Sets,200003495,2020 Men's Sets 3D Print Sets Man Tracksuits Men Grid Two-piece Patchwork Zipper Tracksuits Small Leg Trouser Sweat Suits Sets,1005003224415015,https://ae01.alicdn.com/kf/H56bc03d719694f119bdb05ad322d127bi/2020-Men-s-Sets-3D-Print-Sets-Man-Tracksuits-Men-Grid-Two-piece-Patchwork-Zipper-Tracksuits.jpg_220x220.jpg,"https://ae04.alicdn.com/kf/H56bc03d719694f119bdb05ad322d127bi.jpg,https://ae04.alicdn.com/kf/Hdf80224cb72d40d397dca82f5035e5d1D.jpg,https://ae04.alicdn.com/kf/Hbd5b17105efa4c6084198fc78fd94539C.jpg,https://ae04.alicdn.com/kf/H95b9858809a74e2183a213fe50313857M.jpg,https://ae04.alicdn.com/kf/H2c446ac9a5d44333b0e7ed0ea37104dfV.jpg,",https://www.aliexpress.com/item/1005003224415015.html,59.69,32.23,12.50%,,46%,https://s.click.aliexpress.com/e/_99UyQG
Men's Sets,200003495,Men's Casual Fashion Sportswear European And American Trend 3D Printing Fitness Zipper Hoodie Sweatpants Slim Casual Men's Suit,1005003224339778,https://ae01.alicdn.com/kf/Hb7c39e4e5c8745cfb2cb3491afad02d2v/Men-s-Casual-Fashion-Sportswear-European-And-American-Trend-3D-Printing-Fitness-Zipper-Hoodie-Sweatpants-Slim.jpg_220x220.jpg,"https://ae04.alicdn.com/kf/Hb7c39e4e5c8745cfb2cb3491afad02d2v.jpg,https://ae04.alicdn.com/kf/Hf99f5940036347989a6c950710c0b5eea.jpg,https://ae04.alicdn.com/kf/H7b5dae3df9b749acb3506f464e14271cS.jpg,https://ae04.alicdn.com/kf/Hd3bb054e86c74ed4bce251a43df47b23o.jpg,https://ae04.alicdn.com/kf/H7e8014b7bfc4460985fbcc77b46c7687M.jpg,",https://www.aliexpress.com/item/1005003224339778.html,59.69,32.23,12.50%,,46%,https://s.click.aliexpress.com/e/_AbJA80
Men's Sets,200003495,New TravisScotts ASTROWORLD Casual Sets for Men Women 2Pcs Sets Autumn Winter Hoodies with Pants Mens Joggers Set Tracksuit 2021,1005003625731825,https://ae01.alicdn.com/kf/H41c8a262eed44785be3bbdea86688131H/New-TravisScotts-ASTROWORLD-Casual-Sets-for-Men-Women-2Pcs-Sets-Autumn-Winter-Hoodies-with-Pants-Mens.jpg_220x220.jpg,"https://ae04.alicdn.com/kf/H41c8a262eed44785be3bbdea86688131H.jpg,https://ae04.alicdn.com/kf/H854820c3fa1744bd92ccbfe54130c850I.jpg,https://ae04.alicdn.com/kf/H09d8cb6690fd47e5bae8cf4ab24469c8T.jpg,https://ae04.alicdn.com/kf/H36f706495496429b9cc852719dbe3326W.jpg,https://ae04.alicdn.com/kf/H813f06624d414173ae7d95338bded1e7V.jpg,",https://www.aliexpress.com/item/1005003625731825.html,43.90,21.95,12.00%,,50%,https://s.click.aliexpress.com/e/_9vgnmY
Men's Sets,200003495,2022 New Sportswear Sets Men's Gentleman Suit Men's zipper Suit 3D Printed Plaid Fashion Suit Men's Fitness Suit Men's Sweater,1005003793789391,https://ae01.alicdn.com/kf/Hf5abf4f2ab194699a5fa30f3e1b4008bo/2022-New-Sportswear-Sets-Men-s-Gentleman-Suit-Men-s-zipper-Suit-3D-Printed-Plaid-Fashion.jpg_220x220.jpg,"https://ae04.alicdn.com/kf/Hf5abf4f2ab194699a5fa30f3e1b4008bo.jpg,https://ae04.alicdn.com/kf/Hc8aed2ab01ed4dfe8a385512a2072140n.jpg,https://ae04.alicdn.com/kf/Hfd88abca1049431eb8c3e058d93f2a072.jpg,https://ae04.alicdn.com/kf/H8bf3638cda7a4a7bafab1c68f7aa498bE.jpg,https://ae04.alicdn.com/kf/Hab58e38df61744eda38e7fb821ea164dZ.jpg,",https://www.aliexpress.com/item/1005003793789391.html,59.69,29.25,12.50%,,51%,https://s.click.aliexpress.com/e/_AD3Kre
Men's Sets,200003495,New Splicing Sweatshirts For Men Leisure Suit Simple Costumes Korean Style To Man Sweatpants Male Jacket Set Pants Free Shipping,1005003793538680,https://ae01.alicdn.com/kf/H4e423deee54f4ae9aadc07d516b619d7m/New-Splicing-Sweatshirts-For-Men-Leisure-Suit-Simple-Costumes-Korean-Style-To-Man-Sweatpants-Male-Jacket.jpg_220x220.jpg,"https://ae04.alicdn.com/kf/H4e423deee54f4ae9aadc07d516b619d7m.jpg,https://ae04.alicdn.com/kf/Hc319b03c05d64d53a050330401ede1f7f.jpg,https://ae04.alicdn.com/kf/H117a13353aa9486393ba9601ac071629F.jpg,https://ae04.alicdn.com/kf/H0a5e41b8632941ff9ae32b083697d15ar.jpg,https://ae04.alicdn.com/kf/Hb19a6a7fcc5b4586906a504e6cc0d8c02.jpg,",https://www.aliexpress.com/item/1005003793538680.html,42.90,14.59,9.00%,,66%,https://s.click.aliexpress.com/e/_ANWkcg
Men's Sets,200003495,2021 New Jacket + Pants Men Tracksuit Moda Hombre Fashion Printing Men's Set Spring Men's Sports Suit 2 Piece Sets Plus,1005003601210112,https://ae01.alicdn.com/kf/H459d7d7bf05c47be94d6c6670e47f1b1v/2021-New-Jacket-Pants-Men-Tracksuit-Moda-Hombre-Fashion-Printing-Men-s-Set-Spring-Men-s.jpg_220x220.jpg,"https://ae04.alicdn.com/kf/H459d7d7bf05c47be94d6c6670e47f1b1v.jpg,https://ae04.alicdn.com/kf/Hb8cf561547624879aab59d94a90eeaa29.jpg,https://ae04.alicdn.com/kf/H2540edcb711d4169807ca2e6cc488671s.jpg,https://ae04.alicdn.com/kf/H9c4ab65af6ae41a7978497ec4f83970eq.jpg,https://ae04.alicdn.com/kf/H88a9b67371ef40339172567ae39fb2feQ.jpg,",https://www.aliexpress.com/item/1005003601210112.html,57.29,29.22,30.00%,,49%,https://s.click.aliexpress.com/e/_ASxZU4
Men's Sets,200003495,"New Men' 3D Plaid Sports Jogging Slim Jacket, Spring And Autumn New Hot Selling Street Fashion Trend Hip-Hop Zipper Hoodie Suit",1005003224373335,https://ae01.alicdn.com/kf/H3b9ed755931f407589a54a0e664a15beM/New-Men-3D-Plaid-Sports-Jogging-Slim-Jacket-Spring-And-Autumn-New-Hot-Selling-Street-Fashion.jpg_220x220.jpg,"https://ae04.alicdn.com/kf/H3b9ed755931f407589a54a0e664a15beM.jpg,https://ae04.alicdn.com/kf/H4818bf0fb07741db82e701fe18ae3cb16.jpg,https://ae04.alicdn.com/kf/Hc325229384554b4d9f0ea856c4895595V.jpg,https://ae04.alicdn.com/kf/Hec38dd036b6a4960859607116a894dfb7.jpg,https://ae04.alicdn.com/kf/Hc830e9c74a6a4d06ad05189d1c3588a9y.jpg,",https://www.aliexpress.com/item/1005003224373335.html,59.69,28.65,12.50%,,52%,https://s.click.aliexpress.com/e/_9i47le
Men's Sets,200003495,New 2 Pieces Sets Tracksuit Bmw Power Print Men Hooded Sweatshirt Pants Pullover Hoodie Sportwear Suit Casual Sports Men Clothes,1005003786494472,https://ae01.alicdn.com/kf/Sef6bfa297ab14edf9ef51ca6a16efc85e/New-2-Pieces-Sets-Tracksuit-Bmw-Power-Print-Men-Hooded-Sweatshirt-Pants-Pullover-Hoodie-Sportwear-Suit.jpg_220x220.jpg,"https://ae04.alicdn.com/kf/Sef6bfa297ab14edf9ef51ca6a16efc85e.jpg,https://ae04.alicdn.com/kf/S70ecdab9ac924cf08125c5314f12030dT.jpg,https://ae04.alicdn.com/kf/S8d630264795f43bf94e60d5043865d76Y.jpg,https://ae04.alicdn.com/kf/Se748a1dbf61042ee80be520c63964878P.jpg,https://ae04.alicdn.com/kf/Sd1eb099769f5487fb558e6d347f1b8a5D.jpg,",https://www.aliexpress.com/item/1005003786494472.html,46.92,23.46,10.00%,,50%,https://s.click.aliexpress.com/e/_AqEYbm
Men's Sets,200003495,Fashion sportswear RS Men's Autumn Winter Sets Splicing Hoodie+pants Two Pieces Casual Tracksuit,1005003762653566,https://ae01.alicdn.com/kf/S5f1a410a0be74da29c3c480950ea17fe0/Fashion-sportswear-RS-Men-s-Autumn-Winter-Sets-Splicing-Hoodie-pants-Two-Pieces-Casual-Tracksuit.jpg_220x220.jpg,"https://ae04.alicdn.com/kf/S5f1a410a0be74da29c3c480950ea17fe0.jpg,https://ae04.alicdn.com/kf/Sa054f0dc5bd34675b09e2a65b7b8fb94G.jpg,https://ae04.alicdn.com/kf/S0755810f25ef4094b1ee56fdd2d6c957M.jpg,https://ae04.alicdn.com/kf/S745e113b00304e82b92b3224e68fdbccc.jpg,",https://www.aliexpress.com/item/1005003762653566.html,40.98,21.31,9.00%,,48%,https://s.click.aliexpress.com/e/_AMwmWM
Men's Sets,200003495,Fashion Tracksuits Muscle Brother Sport Suits European American Trends 3D Print Fitness Zipper Hoodies Sweatpants Slim Casual,1005003224366484,https://ae01.alicdn.com/kf/Hd3bb054e86c74ed4bce251a43df47b23o/Fashion-Tracksuits-Muscle-Brother-Sport-Suits-European-American-Trends-3D-Print-Fitness-Zipper-Hoodies-Sweatpants-Slim.jpg_220x220.jpg,"https://ae04.alicdn.com/kf/Hd3bb054e86c74ed4bce251a43df47b23o.jpg,https://ae04.alicdn.com/kf/Hb7c39e4e5c8745cfb2cb3491afad02d2v.jpg,https://ae04.alicdn.com/kf/Hf99f5940036347989a6c950710c0b5eea.jpg,https://ae04.alicdn.com/kf/H7b5dae3df9b749acb3506f464e14271cS.jpg,https://ae04.alicdn.com/kf/H7e8014b7bfc4460985fbcc77b46c7687M.jpg,",https://www.aliexpress.com/item/1005003224366484.html,69.99,32.90,12.50%,,53%,https://s.click.aliexpress.com/e/_98ncek
Men's Sets,200003495,New Man Tracksuits Men's Sets 3D Print Sets Men Grid Two-piece Patchwork Zipper Tracksuits Small Leg Trouser Sweat Suits Sets,1005003224385292,https://ae01.alicdn.com/kf/Hd992f33feaab4933a3fa2198ecdb638er/New-Man-Tracksuits-Men-s-Sets-3D-Print-Sets-Men-Grid-Two-piece-Patchwork-Zipper-Tracksuits.jpg_220x220.jpg,"https://ae04.alicdn.com/kf/Hd992f33feaab4933a3fa2198ecdb638er.jpg,https://ae04.alicdn.com/kf/H52aee95a233e4a80b79dc24d0cefefe2j.jpg,https://ae04.alicdn.com/kf/H18174fcdcae34824a2ddb8ea375765f43.jpg,https://ae04.alicdn.com/kf/H1c69cbb28ea54031ad197313a2fc671a1.jpg,https://ae04.alicdn.com/kf/H26b21893513e4213b3a6b9b42b46128dZ.jpg,",https://www.aliexpress.com/item/1005003224385292.html,59.69,32.23,12.50%,,46%,https://s.click.aliexpress.com/e/_9xCED2
Men's Sets,200003495,Men's Hoodie suit fashion sik silk brand print autumn casual Hoodie+pants men suit sports two piece Men Clothes Sportswear Sets,1005003705727388,https://ae01.alicdn.com/kf/H2611cb0d885949d18a88a75447cf708ce/Men-s-Hoodie-suit-fashion-sik-silk-brand-print-autumn-casual-Hoodie-pants-men-suit-sports.jpg_220x220.jpg,"https://ae04.alicdn.com/kf/H2611cb0d885949d18a88a75447cf708ce.jpg,https://ae04.alicdn.com/kf/S986b7e506c0e4a14b2c2109565102d38E.jpg,https://ae04.alicdn.com/kf/H24a70025ef15425f980fbb03f073ad69z.jpg,https://ae04.alicdn.com/kf/Hb6339d6b43074f5597fb9bc8fe92efcaE.jpg,https://ae04.alicdn.com/kf/H914f0aa947fe405caf436b01bd014c912.jpg,",https://www.aliexpress.com/item/1005003705727388.html,38.98,19.49,9.00%,,50%,https://s.click.aliexpress.com/e/_AEZ5pA
Men's Sets,200003495,New Men's Sets Jacket+Pants Autumn Winter Sweatshirt Suit Sweatpants Fashion Slim Fit Men Two-Piece Set Hip Hop V-neck Jacket,1005003215194973,https://ae01.alicdn.com/kf/H92b02ac075514385ae8f368f7a515960f/New-Men-s-Sets-Jacket-Pants-Autumn-Winter-Sweatshirt-Suit-Sweatpants-Fashion-Slim-Fit-Men-Two.jpg_220x220.jpg,"https://ae04.alicdn.com/kf/H92b02ac075514385ae8f368f7a515960f.jpg,https://ae04.alicdn.com/kf/H265f90dcec374cf0b70bbb87cff8e4d7v.jpg,https://ae04.alicdn.com/kf/H3c455022c12f4a1884a8cb1da96b8838o.jpg,https://ae04.alicdn.com/kf/H09b163c8a9614385885b70806ddc06b8H.jpg,https://ae04.alicdn.com/kf/Hf700acb63bb64300a12b6db6649b646cZ.jpg,",https://www.aliexpress.com/item/1005003215194973.html,61.00,29.89,9.00%,,51%,https://s.click.aliexpress.com/e/_9wMk6y
Men's Sets,200003495,Men's Sportswear Europe United States Cardigan Checkered Coat +Sweatpants Fashion Men's Casual Two-Piece Suit 3D Print Clothing,1005003224370448,https://ae01.alicdn.com/kf/H08529d570f09409783886f6ffbadf6d3E/Men-s-Sportswear-Europe-United-States-Cardigan-Checkered-Coat-Sweatpants-Fashion-Men-s-Casual-Two-Piece.jpg_220x220.jpg,"https://ae04.alicdn.com/kf/H08529d570f09409783886f6ffbadf6d3E.jpg,https://ae04.alicdn.com/kf/H82c6792881ee4b398c5d44077caad9b1B.jpg,https://ae04.alicdn.com/kf/Hbd859411896e476b908e7cc05de693959.jpg,https://ae04.alicdn.com/kf/H9092e3153ad846b284fba8ccd09baa79T.jpg,https://ae04.alicdn.com/kf/Hf13385a5afb64350a80ce92992287651h.jpg,",https://www.aliexpress.com/item/1005003224370448.html,69.99,32.90,12.50%,,53%,https://s.click.aliexpress.com/e/_AVbAe4
Men's Sets,200003495,New Men's sets Autumn Gentlemen Tracksuit Set Male Sweatshirt Men clothing Multi-pocket Fashion Trousers High Street Jackets Set,1005003224413135,https://ae01.alicdn.com/kf/H450415874cf9484bbea5d983f98dc2484/New-Men-s-sets-Autumn-Gentlemen-Tracksuit-Set-Male-Sweatshirt-Men-clothing-Multi-pocket-Fashion-Trousers.jpg_220x220.jpg,"https://ae04.alicdn.com/kf/H450415874cf9484bbea5d983f98dc2484.jpg,https://ae04.alicdn.com/kf/Ha76fd169a3a24d86ac3bf1fbf60d1f3dg.jpg,https://ae04.alicdn.com/kf/Hc829a57b085d44bfba3c3c896043b222b.jpg,https://ae04.alicdn.com/kf/H8425126879f041ea8bec2d6be5fe74bbD.jpg,https://ae04.alicdn.com/kf/Hf2afa8fa2ddc4e38a34c7b68386fa6cef.jpg,",https://www.aliexpress.com/item/1005003224413135.html,69.99,32.90,12.50%,,53%,https://s.click.aliexpress.com/e/_9GqTUc
Men's Sets,200003495,3D Printed Plaid Fashion Suit Men's Sportswear Set Men's jacket set Men's zipper suit Men's Hoodie Set Men's Sweater + Pants Set,1005003793552751,https://ae01.alicdn.com/kf/Hbffcedaf59c24b02b605460a4a01ab4fZ/3D-Printed-Plaid-Fashion-Suit-Men-s-Sportswear-Set-Men-s-jacket-set-Men-s-zipper.jpg_220x220.jpg,"https://ae04.alicdn.com/kf/Hbffcedaf59c24b02b605460a4a01ab4fZ.jpg,https://ae04.alicdn.com/kf/H1e2d17668f244e74b1e084821e0c3ecbc.jpg,https://ae04.alicdn.com/kf/H6e185a9c98c04c43a6e959f5a8f9f2bd9.jpg,https://ae04.alicdn.com/kf/Hbc06270c490c44de84717294007c4367J.jpg,https://ae04.alicdn.com/kf/H532419364fee41f294eace8ddb60ea59D.jpg,",https://www.aliexpress.com/item/1005003793552751.html,45.69,29.24,12.50%,,36%,https://s.click.aliexpress.com/e/_AMkcRe
Men's Sets,200003495,Mens Tracksuits 2020 Colorful Plaid Casual Zipper Hoodie Set Autumn Male Sweatshirt Clothes For Men,1005003224422212,https://ae01.alicdn.com/kf/H41a577e047dd49b5af292c0d8b60bd124/Mens-Tracksuits-2020-Colorful-Plaid-Casual-Zipper-Hoodie-Set-Autumn-Male-Sweatshirt-Clothes-For-Men.jpg_220x220.jpg,"https://ae04.alicdn.com/kf/H41a577e047dd49b5af292c0d8b60bd124.jpg,https://ae04.alicdn.com/kf/H5ede1848951a47d080a28d05391a1033P.jpg,https://ae04.alicdn.com/kf/He090af12a6804f018ee2133dce813495x.jpg,https://ae04.alicdn.com/kf/H6b4d05526924402c97e2d46a8e544100i.jpg,https://ae04.alicdn.com/kf/H1d1056cf6f1d40f1b2379f8af29803d38.jpg,",https://www.aliexpress.com/item/1005003224422212.html,69.99,32.90,12.50%,,53%,https://s.click.aliexpress.com/e/_97TeXI
Men's Sets,200003495,2021 new sik silk Mens Clothing Pullovers Sweater Men Tracksuits Hoodie Two Pieces + Pants Sports Shirts Fall Winter Track suit,1005003705674730,https://ae01.alicdn.com/kf/Hb9ec91604ae645b896a0ac0c629f00928/2021-new-sik-silk-Mens-Clothing-Pullovers-Sweater-Men-Tracksuits-Hoodie-Two-Pieces-Pants-Sports-Shirts.jpg_220x220.jpg,"https://ae04.alicdn.com/kf/Hb9ec91604ae645b896a0ac0c629f00928.jpg,https://ae04.alicdn.com/kf/S814b9f303f044d80ade4a9b736a16210o.jpg,https://ae04.alicdn.com/kf/Hc6f6589e37094982adaaa3e37b52e68fA.jpg,https://ae04.alicdn.com/kf/H0efa22b061b842568519d69293e802fdO.jpg,https://ae04.alicdn.com/kf/H5d9b3817fae24bd4aa5747a69b8f2c4f1.jpg,",https://www.aliexpress.com/item/1005003705674730.html,50.98,25.49,9.00%,,50%,https://s.click.aliexpress.com/e/_ACXMug
Men's Sets,200003495,Plaid Suit Tracksuits Men's Sets 3D Print Sets Men Grid Two-piece Patchwork Zipper Tracksuits Small Leg Trouser Sweat Suits Sets,1005003224388358,https://ae01.alicdn.com/kf/Ha10cfad10c6a47cb90d751d59f13a8866/Plaid-Suit-Tracksuits-Men-s-Sets-3D-Print-Sets-Men-Grid-Two-piece-Patchwork-Zipper-Tracksuits.jpg_220x220.jpg,"https://ae04.alicdn.com/kf/Ha10cfad10c6a47cb90d751d59f13a8866.jpg,https://ae04.alicdn.com/kf/H688368ed96d74ce0944f6db1334ecddbJ.jpg,https://ae04.alicdn.com/kf/H917328575da74be4893f44021d80eba4Q.jpg,https://ae04.alicdn.com/kf/H28d67863655b465b88692b401eee2924B.jpg,https://ae04.alicdn.com/kf/Hede9c8949d9f4a2782369d539ad26d37S.jpg,",https://www.aliexpress.com/item/1005003224388358.html,69.99,32.90,12.50%,,53%,https://s.click.aliexpress.com/e/_AqGVPS
Men's Sets,200003495,2022 American Style Multi Pocket Overalls Men's May Khaki Fashion Brand Jumpsuit Loose Worker's Work Suit for Men Clothing S-2XL,1005003705457963,https://ae01.alicdn.com/kf/H76c127dbedd44897955d21abc245e7b2J/2022-American-Style-Multi-Pocket-Overalls-Men-s-May-Khaki-Fashion-Brand-Jumpsuit-Loose-Worker-s.jpg_220x220.jpg,"https://ae04.alicdn.com/kf/H76c127dbedd44897955d21abc245e7b2J.jpg,https://ae04.alicdn.com/kf/Hd1955c9402344996b6bc3ccb363edbf3k.jpg,https://ae04.alicdn.com/kf/S2a85159e3fd8442e814706d118eb50e6G.jpg,https://ae04.alicdn.com/kf/H4e79d4aa906b4046bb31a021bc6a04f2K.jpg,https://ae04.alicdn.com/kf/Sd825439b91c64ab49433bf015875ac88i.jpg,",https://www.aliexpress.com/item/1005003705457963.html,65.18,32.59,12.00%,,50%,https://s.click.aliexpress.com/e/_A7Drlm
